id,replicate,backend,key,supplied,correct,probability,brier
MUL0099.json,0,extract,hotel.type,0,0,0.0,0.0
MUL0099.json,0,extract,restaurant.area,1,1,0.9655172413793104,0.0011890606420927438
MUL0099.json,0,extract,restaurant.food,1,1,0.9655172413793104,0.0011890606420927438
MUL0099.json,0,memory,hotel.type,1,1,0.7954545454545454,0.041838842975206625
MUL0099.json,0,memory,restaurant.area,1,1,0.9354838709677419,0.004162330905306979
MUL0099.json,0,memory,restaurant.food,0,0,0.0,0.0
MUL0099.json,0,history,hotel.type,1,1,0.8703703703703703,0.016803840877914956
MUL0099.json,0,history,restaurant.area,1,1,0.9074074074074074,0.008573388203017826
MUL0099.json,0,history,restaurant.food,1,1,0.9074074074074074,0.008573388203017826
MUL0099.json,1,extract,hotel.type,0,0,0.0,0.0
MUL0099.json,1,extract,restaurant.area,1,1,0.9655172413793104,0.0011890606420927438
MUL0099.json,1,extract,restaurant.food,1,1,0.9655172413793104,0.0011890606420927438
MUL0099.json,1,memory,hotel.type,1,1,0.7954545454545454,0.041838842975206625
MUL0099.json,1,memory,restaurant.area,1,1,0.9354838709677419,0.004162330905306979
MUL0099.json,1,memory,restaurant.food,0,0,0.0,0.0
MUL0099.json,1,history,hotel.type,1,1,0.8703703703703703,0.016803840877914956
MUL0099.json,1,history,restaurant.area,1,1,0.9074074074074074,0.008573388203017826
MUL0099.json,1,history,restaurant.food,1,1,0.9074074074074074,0.008573388203017826
MUL0810.json,0,extract,attraction.area,0,0,0.0,0.0
MUL0810.json,0,extract,restaurant.area,0,0,0.0,0.0
MUL0810.json,0,extract,restaurant.food,0,0,0.0,0.0
MUL0810.json,0,memory,attraction.area,0,0,0.0,0.0
MUL0810.json,0,memory,restaurant.area,0,0,0.0,0.0
MUL0810.json,0,memory,restaurant.food,0,0,0.0,0.0
MUL0810.json,0,history,attraction.area,1,1,0.8962264150943396,0.010768956924172299
MUL0810.json,0,history,restaurant.area,1,1,0.9074074074074074,0.008573388203017826
MUL0810.json,0,history,restaurant.food,1,1,0.9074074074074074,0.008573388203017826
MUL0810.json,1,extract,attraction.area,0,0,0.0,0.0
MUL0810.json,1,extract,restaurant.area,0,0,0.0,0.0
MUL0810.json,1,extract,restaurant.food,0,0,0.0,0.0
MUL0810.json,1,memory,attraction.area,1,0,0.863013698630137,0.744792644023269
MUL0810.json,1,memory,restaurant.area,1,0,0.9354838709677419,0.8751300728407907
MUL0810.json,1,memory,restaurant.food,0,0,0.0,0.0
MUL0810.json,1,history,attraction.area,1,1,0.8962264150943396,0.010768956924172299
MUL0810.json,1,history,restaurant.area,1,1,0.9074074074074074,0.008573388203017826
MUL0810.json,1,history,restaurant.food,1,1,0.9074074074074074,0.008573388203017826
MUL0814.json,0,extract,attraction.area,1,1,0.896551724137931,0.010701545778834717
MUL0814.json,0,extract,attraction.type,1,1,0.896551724137931,0.010701545778834717
MUL0814.json,0,extract,restaurant.area,1,1,0.9655172413793104,0.0011890606420927438
MUL0814.json,0,extract,restaurant.food,0,0,0.0,0.0
MUL0814.json,0,extract,restaurant.pricerange,1,1,0.9655172413793104,0.0011890606420927438
MUL0814.json,0,memory,attraction.area,1,1,0.863013698630137,0.01876524676299493
MUL0814.json,0,memory,attraction.type,1,1,0.863013698630137,0.01876524676299493
MUL0814.json,0,memory,restaurant.area,1,1,0.9354838709677419,0.004162330905306979
MUL0814.json,0,memory,restaurant.food,1,0,0.9354838709677419,0.8751300728407907
MUL0814.json,0,memory,restaurant.pricerange,1,1,0.9354838709677419,0.004162330905306979
MUL0814.json,0,history,attraction.area,1,1,0.8962264150943396,0.010768956924172299
MUL0814.json,0,history,attraction.type,1,1,0.8962264150943396,0.010768956924172299
MUL0814.json,0,history,restaurant.area,1,1,0.9074074074074074,0.008573388203017826
MUL0814.json,0,history,restaurant.food,1,1,0.9074074074074074,0.008573388203017826
MUL0814.json,0,history,restaurant.pricerange,1,1,0.9074074074074074,0.008573388203017826
MUL0814.json,1,extract,attraction.area,0,0,0.0,0.0
MUL0814.json,1,extract,attraction.type,1,1,0.896551724137931,0.010701545778834717
MUL0814.json,1,extract,restaurant.area,1,1,0.9655172413793104,0.0011890606420927438
MUL0814.json,1,extract,restaurant.food,0,0,0.0,0.0
MUL0814.json,1,extract,restaurant.pricerange,0,0,0.0,0.0
MUL0814.json,1,memory,attraction.area,0,0,0.0,0.0
MUL0814.json,1,memory,attraction.type,1,1,0.863013698630137,0.01876524676299493
MUL0814.json,1,memory,restaurant.area,1,1,0.9354838709677419,0.004162330905306979
MUL0814.json,1,memory,restaurant.food,1,1,0.9354838709677419,0.004162330905306979
MUL0814.json,1,memory,restaurant.pricerange,0,0,0.0,0.0
MUL0814.json,1,history,attraction.area,1,1,0.8962264150943396,0.010768956924172299
MUL0814.json,1,history,attraction.type,1,1,0.8962264150943396,0.010768956924172299
MUL0814.json,1,history,restaurant.area,1,1,0.9074074074074074,0.008573388203017826
MUL0814.json,1,history,restaurant.food,1,1,0.9074074074074074,0.008573388203017826
MUL0814.json,1,history,restaurant.pricerange,1,1,0.9074074074074074,0.008573388203017826
MUL0821.json,0,extract,attraction.area,1,1,0.896551724137931,0.010701545778834717
MUL0821.json,0,extract,attraction.type,1,1,0.896551724137931,0.010701545778834717
MUL0821.json,0,extract,restaurant.area,0,0,0.0,0.0
MUL0821.json,0,extract,restaurant.food,0,0,0.0,0.0
MUL0821.json,0,memory,attraction.area,0,0,0.0,0.0
MUL0821.json,0,memory,attraction.type,0,0,0.0,0.0
MUL0821.json,0,memory,restaurant.area,1,1,0.9354838709677419,0.004162330905306979
MUL0821.json,0,memory,restaurant.food,0,0,0.0,0.0
MUL0821.json,0,history,attraction.area,1,1,0.8962264150943396,0.010768956924172299
MUL0821.json,0,history,attraction.type,1,1,0.8962264150943396,0.010768956924172299
MUL0821.json,0,history,restaurant.area,1,1,0.9074074074074074,0.008573388203017826
MUL0821.json,0,history,restaurant.food,1,1,0.9074074074074074,0.008573388203017826
MUL0821.json,1,extract,attraction.area,1,1,0.896551724137931,0.010701545778834717
MUL0821.json,1,extract,attraction.type,1,1,0.896551724137931,0.010701545778834717
MUL0821.json,1,extract,restaurant.area,1,1,0.9655172413793104,0.0011890606420927438
MUL0821.json,1,extract,restaurant.food,0,0,0.0,0.0
MUL0821.json,1,memory,attraction.area,1,1,0.863013698630137,0.01876524676299493
MUL0821.json,1,memory,attraction.type,1,1,0.863013698630137,0.01876524676299493
MUL0821.json,1,memory,restaurant.area,1,1,0.9354838709677419,0.004162330905306979
MUL0821.json,1,memory,restaurant.food,1,1,0.9354838709677419,0.004162330905306979
MUL0821.json,1,history,attraction.area,1,1,0.8962264150943396,0.010768956924172299
MUL0821.json,1,history,attraction.type,1,1,0.8962264150943396,0.010768956924172299
MUL0821.json,1,history,restaurant.area,1,1,0.9074074074074074,0.008573388203017826
MUL0821.json,1,history,restaurant.food,1,1,0.9074074074074074,0.008573388203017826
MUL0822.json,0,extract,attraction.area,1,1,0.896551724137931,0.010701545778834717
MUL0822.json,0,extract,attraction.type,0,0,0.0,0.0
MUL0822.json,0,extract,restaurant.area,0,0,0.0,0.0
MUL0822.json,0,extract,restaurant.pricerange,0,0,0.0,0.0
MUL0822.json,0,memory,attraction.area,1,1,0.863013698630137,0.01876524676299493
MUL0822.json,0,memory,attraction.type,0,0,0.0,0.0
MUL0822.json,0,memory,restaurant.area,0,0,0.0,0.0
MUL0822.json,0,memory,restaurant.pricerange,0,0,0.0,0.0
MUL0822.json,0,history,attraction.area,1,1,0.8962264150943396,0.010768956924172299
MUL0822.json,0,history,attraction.type,1,1,0.8962264150943396,0.010768956924172299
MUL0822.json,0,history,restaurant.area,1,1,0.9074074074074074,0.008573388203017826
MUL0822.json,0,history,restaurant.pricerange,1,1,0.9074074074074074,0.008573388203017826
MUL0822.json,1,extract,attraction.area,1,1,0.896551724137931,0.010701545778834717
MUL0822.json,1,extract,attraction.type,0,0,0.0,0.0
MUL0822.json,1,extract,restaurant.area,0,0,0.0,0.0
MUL0822.json,1,extract,restaurant.pricerange,0,0,0.0,0.0
MUL0822.json,1,memory,attraction.area,0,0,0.0,0.0
MUL0822.json,1,memory,attraction.type,0,0,0.0,0.0
MUL0822.json,1,memory,restaurant.area,0,0,0.0,0.0
MUL0822.json,1,memory,restaurant.pricerange,0,0,0.0,0.0
MUL0822.json,1,history,attraction.area,1,1,0.8962264150943396,0.010768956924172299
MUL0822.json,1,history,attraction.type,1,1,0.8962264150943396,0.010768956924172299
MUL0822.json,1,history,restaurant.area,1,1,0.9074074074074074,0.008573388203017826
MUL0822.json,1,history,restaurant.pricerange,1,1,0.9074074074074074,0.008573388203017826
MUL0838.json,0,extract,attraction.area,0,0,0.0,0.0
MUL0838.json,0,extract,attraction.type,0,0,0.0,0.0
MUL0838.json,0,extract,restaurant.area,1,1,0.9655172413793104,0.0011890606420927438
MUL0838.json,0,extract,restaurant.food,0,0,0.0,0.0
MUL0838.json,0,extract,restaurant.pricerange,1,1,0.9655172413793104,0.0011890606420927438
MUL0838.json,0,memory,attraction.area,0,0,0.0,0.0
MUL0838.json,0,memory,attraction.type,0,0,0.0,0.0
MUL0838.json,0,memory,restaurant.area,1,1,0.9354838709677419,0.004162330905306979
MUL0838.json,0,memory,restaurant.food,0,0,0.0,0.0
MUL0838.json,0,memory,restaurant.pricerange,1,1,0.9354838709677419,0.004162330905306979
MUL0838.json,0,history,attraction.area,1,1,0.8962264150943396,0.010768956924172299
MUL0838.json,0,history,attraction.type,1,1,0.8962264150943396,0.010768956924172299
MUL0838.json,0,history,restaurant.area,1,1,0.9074074074074074,0.008573388203017826
MUL0838.json,0,history,restaurant.food,1,1,0.9074074074074074,0.008573388203017826
MUL0838.json,0,history,restaurant.pricerange,1,1,0.9074074074074074,0.008573388203017826
MUL0838.json,1,extract,attraction.area,0,0,0.0,0.0
MUL0838.json,1,extract,attraction.type,0,0,0.0,0.0
MUL0838.json,1,extract,restaurant.area,1,1,0.9655172413793104,0.0011890606420927438
MUL0838.json,1,extract,restaurant.food,0,0,0.0,0.0
MUL0838.json,1,extract,restaurant.pricerange,0,0,0.0,0.0
MUL0838.json,1,memory,attraction.area,0,0,0.0,0.0
MUL0838.json,1,memory,attraction.type,0,0,0.0,0.0
MUL0838.json,1,memory,restaurant.area,1,1,0.9354838709677419,0.004162330905306979
MUL0838.json,1,memory,restaurant.food,0,0,0.0,0.0
MUL0838.json,1,memory,restaurant.pricerange,0,0,0.0,0.0
MUL0838.json,1,history,attraction.area,1,1,0.8962264150943396,0.010768956924172299
MUL0838.json,1,history,attraction.type,1,0,0.8962264150943396,0.8032217871128516
MUL0838.json,1,history,restaurant.area,1,1,0.9074074074074074,0.008573388203017826
MUL0838.json,1,history,restaurant.food,1,1,0.9074074074074074,0.008573388203017826
MUL0838.json,1,history,restaurant.pricerange,1,1,0.9074074074074074,0.008573388203017826
MUL0841.json,0,extract,attraction.area,0,0,0.0,0.0
MUL0841.json,0,extract,restaurant.area,1,1,0.9655172413793104,0.0011890606420927438
MUL0841.json,0,extract,restaurant.food,1,1,0.9655172413793104,0.0011890606420927438
MUL0841.json,0,extract,restaurant.pricerange,0,0,0.0,0.0
MUL0841.json,0,memory,attraction.area,0,0,0.0,0.0
MUL0841.json,0,memory,restaurant.area,1,1,0.9354838709677419,0.004162330905306979
MUL0841.json,0,memory,restaurant.food,1,1,0.9354838709677419,0.004162330905306979
MUL0841.json,0,memory,restaurant.pricerange,0,0,0.0,0.0
MUL0841.json,0,history,attraction.area,1,1,0.8962264150943396,0.010768956924172299
MUL0841.json,0,history,restaurant.area,1,1,0.9074074074074074,0.008573388203017826
MUL0841.json,0,history,restaurant.food,1,1,0.9074074074074074,0.008573388203017826
MUL0841.json,0,history,restaurant.pricerange,1,1,0.9074074074074074,0.008573388203017826
MUL0841.json,1,extract,attraction.area,1,1,0.896551724137931,0.010701545778834717
MUL0841.json,1,extract,restaurant.area,1,0,0.9655172413793104,0.9322235434007136
MUL0841.json,1,extract,restaurant.food,1,1,0.9655172413793104,0.0011890606420927438
MUL0841.json,1,extract,restaurant.pricerange,0,0,0.0,0.0
MUL0841.json,1,memory,attraction.area,0,0,0.0,0.0
MUL0841.json,1,memory,restaurant.area,1,1,0.9354838709677419,0.004162330905306979
MUL0841.json,1,memory,restaurant.food,1,1,0.9354838709677419,0.004162330905306979
MUL0841.json,1,memory,restaurant.pricerange,0,0,0.0,0.0
MUL0841.json,1,history,attraction.area,1,1,0.8962264150943396,0.010768956924172299
MUL0841.json,1,history,restaurant.area,1,1,0.9074074074074074,0.008573388203017826
MUL0841.json,1,history,restaurant.food,1,1,0.9074074074074074,0.008573388203017826
MUL0841.json,1,history,restaurant.pricerange,1,1,0.9074074074074074,0.008573388203017826
MUL0842.json,0,extract,attraction.area,0,0,0.0,0.0
MUL0842.json,0,extract,attraction.type,0,0,0.0,0.0
MUL0842.json,0,extract,restaurant.area,0,0,0.0,0.0
MUL0842.json,0,extract,restaurant.pricerange,0,0,0.0,0.0
MUL0842.json,0,memory,attraction.area,0,0,0.0,0.0
MUL0842.json,0,memory,attraction.type,0,0,0.0,0.0
MUL0842.json,0,memory,restaurant.area,0,0,0.0,0.0
MUL0842.json,0,memory,restaurant.pricerange,0,0,0.0,0.0
MUL0842.json,0,history,attraction.area,1,1,0.8962264150943396,0.010768956924172299
MUL0842.json,0,history,attraction.type,1,0,0.8962264150943396,0.8032217871128516
MUL0842.json,0,history,restaurant.area,1,1,0.9074074074074074,0.008573388203017826
MUL0842.json,0,history,restaurant.pricerange,1,1,0.9074074074074074,0.008573388203017826
MUL0842.json,1,extract,attraction.area,0,0,0.0,0.0
MUL0842.json,1,extract,attraction.type,0,0,0.0,0.0
MUL0842.json,1,extract,restaurant.area,0,0,0.0,0.0
MUL0842.json,1,extract,restaurant.pricerange,0,0,0.0,0.0
MUL0842.json,1,memory,attraction.area,0,0,0.0,0.0
MUL0842.json,1,memory,attraction.type,0,0,0.0,0.0
MUL0842.json,1,memory,restaurant.area,0,0,0.0,0.0
MUL0842.json,1,memory,restaurant.pricerange,0,0,0.0,0.0
MUL0842.json,1,history,attraction.area,1,1,0.8962264150943396,0.010768956924172299
MUL0842.json,1,history,attraction.type,1,0,0.8962264150943396,0.8032217871128516
MUL0842.json,1,history,restaurant.area,1,1,0.9074074074074074,0.008573388203017826
MUL0842.json,1,history,restaurant.pricerange,1,1,0.9074074074074074,0.008573388203017826
MUL0845.json,0,extract,attraction.area,1,1,0.896551724137931,0.010701545778834717
MUL0845.json,0,extract,attraction.type,0,0,0.0,0.0
MUL0845.json,0,extract,restaurant.area,1,1,0.9655172413793104,0.0011890606420927438
MUL0845.json,0,extract,restaurant.food,1,1,0.9655172413793104,0.0011890606420927438
MUL0845.json,0,memory,attraction.area,1,1,0.863013698630137,0.01876524676299493
MUL0845.json,0,memory,attraction.type,0,0,0.0,0.0
MUL0845.json,0,memory,restaurant.area,1,1,0.9354838709677419,0.004162330905306979
MUL0845.json,0,memory,restaurant.food,1,1,0.9354838709677419,0.004162330905306979
MUL0845.json,0,history,attraction.area,1,1,0.8962264150943396,0.010768956924172299
MUL0845.json,0,history,attraction.type,1,1,0.8962264150943396,0.010768956924172299
MUL0845.json,0,history,restaurant.area,1,1,0.9074074074074074,0.008573388203017826
MUL0845.json,0,history,restaurant.food,1,1,0.9074074074074074,0.008573388203017826
MUL0845.json,1,extract,attraction.area,1,1,0.896551724137931,0.010701545778834717
MUL0845.json,1,extract,attraction.type,0,0,0.0,0.0
MUL0845.json,1,extract,restaurant.area,1,1,0.9655172413793104,0.0011890606420927438
MUL0845.json,1,extract,restaurant.food,1,1,0.9655172413793104,0.0011890606420927438
MUL0845.json,1,memory,attraction.area,1,1,0.863013698630137,0.01876524676299493
MUL0845.json,1,memory,attraction.type,0,0,0.0,0.0
MUL0845.json,1,memory,restaurant.area,1,1,0.9354838709677419,0.004162330905306979
MUL0845.json,1,memory,restaurant.food,1,1,0.9354838709677419,0.004162330905306979
MUL0845.json,1,history,attraction.area,1,1,0.8962264150943396,0.010768956924172299
MUL0845.json,1,history,attraction.type,1,1,0.8962264150943396,0.010768956924172299
MUL0845.json,1,history,restaurant.area,1,1,0.9074074074074074,0.008573388203017826
MUL0845.json,1,history,restaurant.food,1,1,0.9074074074074074,0.008573388203017826
MUL0869.json,0,extract,attraction.area,0,0,0.0,0.0
MUL0869.json,0,extract,restaurant.area,1,1,0.9655172413793104,0.0011890606420927438
MUL0869.json,0,extract,restaurant.food,0,0,0.0,0.0
MUL0869.json,0,extract,restaurant.pricerange,1,1,0.9655172413793104,0.0011890606420927438
MUL0869.json,0,memory,attraction.area,0,0,0.0,0.0
MUL0869.json,0,memory,restaurant.area,1,1,0.9354838709677419,0.004162330905306979
MUL0869.json,0,memory,restaurant.food,0,0,0.0,0.0
MUL0869.json,0,memory,restaurant.pricerange,1,1,0.9354838709677419,0.004162330905306979
MUL0869.json,0,history,attraction.area,1,1,0.8962264150943396,0.010768956924172299
MUL0869.json,0,history,restaurant.area,1,1,0.9074074074074074,0.008573388203017826
MUL0869.json,0,history,restaurant.food,1,1,0.9074074074074074,0.008573388203017826
MUL0869.json,0,history,restaurant.pricerange,1,1,0.9074074074074074,0.008573388203017826
MUL0869.json,1,extract,attraction.area,0,0,0.0,0.0
MUL0869.json,1,extract,restaurant.area,1,1,0.9655172413793104,0.0011890606420927438
MUL0869.json,1,extract,restaurant.food,0,0,0.0,0.0
MUL0869.json,1,extract,restaurant.pricerange,1,1,0.9655172413793104,0.0011890606420927438
MUL0869.json,1,memory,attraction.area,0,0,0.0,0.0
MUL0869.json,1,memory,restaurant.area,1,1,0.9354838709677419,0.004162330905306979
MUL0869.json,1,memory,restaurant.food,0,0,0.0,0.0
MUL0869.json,1,memory,restaurant.pricerange,1,1,0.9354838709677419,0.004162330905306979
MUL0869.json,1,history,attraction.area,1,1,0.8962264150943396,0.010768956924172299
MUL0869.json,1,history,restaurant.area,1,1,0.9074074074074074,0.008573388203017826
MUL0869.json,1,history,restaurant.food,1,1,0.9074074074074074,0.008573388203017826
MUL0869.json,1,history,restaurant.pricerange,1,1,0.9074074074074074,0.008573388203017826
MUL0881.json,0,extract,attraction.area,0,0,0.0,0.0
MUL0881.json,0,extract,attraction.type,0,0,0.0,0.0
MUL0881.json,0,extract,restaurant.area,0,0,0.0,0.0
MUL0881.json,0,extract,restaurant.food,1,1,0.9655172413793104,0.0011890606420927438
MUL0881.json,0,extract,restaurant.pricerange,1,1,0.9655172413793104,0.0011890606420927438
MUL0881.json,0,memory,attraction.area,0,0,0.0,0.0
MUL0881.json,0,memory,attraction.type,0,0,0.0,0.0
MUL0881.json,0,memory,restaurant.area,0,0,0.0,0.0
MUL0881.json,0,memory,restaurant.food,1,1,0.9354838709677419,0.004162330905306979
MUL0881.json,0,memory,restaurant.pricerange,1,1,0.9354838709677419,0.004162330905306979
MUL0881.json,0,history,attraction.area,1,1,0.8962264150943396,0.010768956924172299
MUL0881.json,0,history,attraction.type,1,1,0.8962264150943396,0.010768956924172299
MUL0881.json,0,history,restaurant.area,1,1,0.9074074074074074,0.008573388203017826
MUL0881.json,0,history,restaurant.food,1,1,0.9074074074074074,0.008573388203017826
MUL0881.json,0,history,restaurant.pricerange,1,1,0.9074074074074074,0.008573388203017826
MUL0881.json,1,extract,attraction.area,0,0,0.0,0.0
MUL0881.json,1,extract,attraction.type,0,0,0.0,0.0
MUL0881.json,1,extract,restaurant.area,0,0,0.0,0.0
MUL0881.json,1,extract,restaurant.food,1,1,0.9655172413793104,0.0011890606420927438
MUL0881.json,1,extract,restaurant.pricerange,0,0,0.0,0.0
MUL0881.json,1,memory,attraction.area,0,0,0.0,0.0
MUL0881.json,1,memory,attraction.type,0,0,0.0,0.0
MUL0881.json,1,memory,restaurant.area,0,0,0.0,0.0
MUL0881.json,1,memory,restaurant.food,1,1,0.9354838709677419,0.004162330905306979
MUL0881.json,1,memory,restaurant.pricerange,0,0,0.0,0.0
MUL0881.json,1,history,attraction.area,1,1,0.8962264150943396,0.010768956924172299
MUL0881.json,1,history,attraction.type,1,1,0.8962264150943396,0.010768956924172299
MUL0881.json,1,history,restaurant.area,1,1,0.9074074074074074,0.008573388203017826
MUL0881.json,1,history,restaurant.food,1,1,0.9074074074074074,0.008573388203017826
MUL0881.json,1,history,restaurant.pricerange,1,1,0.9074074074074074,0.008573388203017826
MUL0890.json,0,extract,attraction.area,1,1,0.896551724137931,0.010701545778834717
MUL0890.json,0,extract,attraction.type,1,1,0.896551724137931,0.010701545778834717
MUL0890.json,0,extract,restaurant.area,0,0,0.0,0.0
MUL0890.json,0,extract,restaurant.food,0,0,0.0,0.0
MUL0890.json,0,extract,restaurant.pricerange,1,1,0.9655172413793104,0.0011890606420927438
MUL0890.json,0,memory,attraction.area,1,1,0.863013698630137,0.01876524676299493
MUL0890.json,0,memory,attraction.type,1,1,0.863013698630137,0.01876524676299493
MUL0890.json,0,memory,restaurant.area,1,1,0.9354838709677419,0.004162330905306979
MUL0890.json,0,memory,restaurant.food,0,0,0.0,0.0
MUL0890.json,0,memory,restaurant.pricerange,1,1,0.9354838709677419,0.004162330905306979
MUL0890.json,0,history,attraction.area,1,1,0.8962264150943396,0.010768956924172299
MUL0890.json,0,history,attraction.type,1,1,0.8962264150943396,0.010768956924172299
MUL0890.json,0,history,restaurant.area,1,1,0.9074074074074074,0.008573388203017826
MUL0890.json,0,history,restaurant.food,1,1,0.9074074074074074,0.008573388203017826
MUL0890.json,0,history,restaurant.pricerange,1,1,0.9074074074074074,0.008573388203017826
MUL0890.json,1,extract,attraction.area,0,0,0.0,0.0
MUL0890.json,1,extract,attraction.type,1,1,0.896551724137931,0.010701545778834717
MUL0890.json,1,extract,restaurant.area,1,1,0.9655172413793104,0.0011890606420927438
MUL0890.json,1,extract,restaurant.food,0,0,0.0,0.0
MUL0890.json,1,extract,restaurant.pricerange,1,1,0.9655172413793104,0.0011890606420927438
MUL0890.json,1,memory,attraction.area,0,0,0.0,0.0
MUL0890.json,1,memory,attraction.type,1,1,0.863013698630137,0.01876524676299493
MUL0890.json,1,memory,restaurant.area,1,1,0.9354838709677419,0.004162330905306979
MUL0890.json,1,memory,restaurant.food,0,0,0.0,0.0
MUL0890.json,1,memory,restaurant.pricerange,1,1,0.9354838709677419,0.004162330905306979
MUL0890.json,1,history,attraction.area,1,1,0.8962264150943396,0.010768956924172299
MUL0890.json,1,history,attraction.type,1,1,0.8962264150943396,0.010768956924172299
MUL0890.json,1,history,restaurant.area,1,1,0.9074074074074074,0.008573388203017826
MUL0890.json,1,history,restaurant.food,1,1,0.9074074074074074,0.008573388203017826
MUL0890.json,1,history,restaurant.pricerange,1,1,0.9074074074074074,0.008573388203017826
MUL0896.json,0,extract,attraction.type,1,1,0.896551724137931,0.010701545778834717
MUL0896.json,0,extract,restaurant.area,1,1,0.9655172413793104,0.0011890606420927438
MUL0896.json,0,extract,restaurant.food,1,1,0.9655172413793104,0.0011890606420927438
MUL0896.json,0,extract,restaurant.pricerange,1,1,0.9655172413793104,0.0011890606420927438
MUL0896.json,0,memory,attraction.type,1,1,0.863013698630137,0.01876524676299493
MUL0896.json,0,memory,restaurant.area,1,1,0.9354838709677419,0.004162330905306979
MUL0896.json,0,memory,restaurant.food,1,1,0.9354838709677419,0.004162330905306979
MUL0896.json,0,memory,restaurant.pricerange,1,1,0.9354838709677419,0.004162330905306979
MUL0896.json,0,history,attraction.type,0,0,0.0,0.0
MUL0896.json,0,history,restaurant.area,1,1,0.9074074074074074,0.008573388203017826
MUL0896.json,0,history,restaurant.food,1,1,0.9074074074074074,0.008573388203017826
MUL0896.json,0,history,restaurant.pricerange,1,1,0.9074074074074074,0.008573388203017826
MUL0896.json,1,extract,attraction.type,1,1,0.896551724137931,0.010701545778834717
MUL0896.json,1,extract,restaurant.area,1,1,0.9655172413793104,0.0011890606420927438
MUL0896.json,1,extract,restaurant.food,1,1,0.9655172413793104,0.0011890606420927438
MUL0896.json,1,extract,restaurant.pricerange,1,1,0.9655172413793104,0.0011890606420927438
MUL0896.json,1,memory,attraction.type,1,1,0.863013698630137,0.01876524676299493
MUL0896.json,1,memory,restaurant.area,1,1,0.9354838709677419,0.004162330905306979
MUL0896.json,1,memory,restaurant.food,1,1,0.9354838709677419,0.004162330905306979
MUL0896.json,1,memory,restaurant.pricerange,1,1,0.9354838709677419,0.004162330905306979
MUL0896.json,1,history,attraction.type,0,0,0.0,0.0
MUL0896.json,1,history,restaurant.area,1,1,0.9074074074074074,0.008573388203017826
MUL0896.json,1,history,restaurant.food,1,1,0.9074074074074074,0.008573388203017826
MUL0896.json,1,history,restaurant.pricerange,1,1,0.9074074074074074,0.008573388203017826
MUL0912.json,0,extract,attraction.area,0,0,0.0,0.0
MUL0912.json,0,extract,attraction.type,0,0,0.0,0.0
MUL0912.json,0,extract,restaurant.area,0,0,0.0,0.0
MUL0912.json,0,extract,restaurant.food,0,0,0.0,0.0
MUL0912.json,0,memory,attraction.area,0,0,0.0,0.0
MUL0912.json,0,memory,attraction.type,0,0,0.0,0.0
MUL0912.json,0,memory,restaurant.area,0,0,0.0,0.0
MUL0912.json,0,memory,restaurant.food,0,0,0.0,0.0
MUL0912.json,0,history,attraction.area,1,1,0.8962264150943396,0.010768956924172299
MUL0912.json,0,history,attraction.type,1,0,0.8962264150943396,0.8032217871128516
MUL0912.json,0,history,restaurant.area,1,1,0.9074074074074074,0.008573388203017826
MUL0912.json,0,history,restaurant.food,1,1,0.9074074074074074,0.008573388203017826
MUL0912.json,1,extract,attraction.area,0,0,0.0,0.0
MUL0912.json,1,extract,attraction.type,0,0,0.0,0.0
MUL0912.json,1,extract,restaurant.area,0,0,0.0,0.0
MUL0912.json,1,extract,restaurant.food,0,0,0.0,0.0
MUL0912.json,1,memory,attraction.area,0,0,0.0,0.0
MUL0912.json,1,memory,attraction.type,0,0,0.0,0.0
MUL0912.json,1,memory,restaurant.area,0,0,0.0,0.0
MUL0912.json,1,memory,restaurant.food,0,0,0.0,0.0
MUL0912.json,1,history,attraction.area,1,1,0.8962264150943396,0.010768956924172299
MUL0912.json,1,history,attraction.type,1,0,0.8962264150943396,0.8032217871128516
MUL0912.json,1,history,restaurant.area,1,1,0.9074074074074074,0.008573388203017826
MUL0912.json,1,history,restaurant.food,1,1,0.9074074074074074,0.008573388203017826
MUL0937.json,0,extract,attraction.area,0,0,0.0,0.0
MUL0937.json,0,extract,restaurant.food,1,1,0.9655172413793104,0.0011890606420927438
MUL0937.json,0,extract,restaurant.pricerange,1,1,0.9655172413793104,0.0011890606420927438
MUL0937.json,0,memory,attraction.area,0,0,0.0,0.0
MUL0937.json,0,memory,restaurant.food,1,1,0.9354838709677419,0.004162330905306979
MUL0937.json,0,memory,restaurant.pricerange,1,1,0.9354838709677419,0.004162330905306979
MUL0937.json,0,history,attraction.area,1,1,0.8962264150943396,0.010768956924172299
MUL0937.json,0,history,restaurant.food,1,1,0.9074074074074074,0.008573388203017826
MUL0937.json,0,history,restaurant.pricerange,1,1,0.9074074074074074,0.008573388203017826
MUL0937.json,1,extract,attraction.area,0,0,0.0,0.0
MUL0937.json,1,extract,restaurant.food,1,1,0.9655172413793104,0.0011890606420927438
MUL0937.json,1,extract,restaurant.pricerange,1,1,0.9655172413793104,0.0011890606420927438
MUL0937.json,1,memory,attraction.area,0,0,0.0,0.0
MUL0937.json,1,memory,restaurant.food,1,1,0.9354838709677419,0.004162330905306979
MUL0937.json,1,memory,restaurant.pricerange,1,1,0.9354838709677419,0.004162330905306979
MUL0937.json,1,history,attraction.area,1,1,0.8962264150943396,0.010768956924172299
MUL0937.json,1,history,restaurant.food,1,1,0.9074074074074074,0.008573388203017826
MUL0937.json,1,history,restaurant.pricerange,1,1,0.9074074074074074,0.008573388203017826
MUL0939.json,0,extract,attraction.type,0,0,0.0,0.0
MUL0939.json,0,extract,restaurant.food,1,1,0.9655172413793104,0.0011890606420927438
MUL0939.json,0,extract,restaurant.pricerange,1,1,0.9655172413793104,0.0011890606420927438
MUL0939.json,0,memory,attraction.type,0,0,0.0,0.0
MUL0939.json,0,memory,restaurant.food,1,1,0.9354838709677419,0.004162330905306979
MUL0939.json,0,memory,restaurant.pricerange,0,0,0.0,0.0
MUL0939.json,0,history,attraction.type,1,1,0.8962264150943396,0.010768956924172299
MUL0939.json,0,history,restaurant.food,1,1,0.9074074074074074,0.008573388203017826
MUL0939.json,0,history,restaurant.pricerange,1,1,0.9074074074074074,0.008573388203017826
MUL0939.json,1,extract,attraction.type,0,0,0.0,0.0
MUL0939.json,1,extract,restaurant.food,1,1,0.9655172413793104,0.0011890606420927438
MUL0939.json,1,extract,restaurant.pricerange,1,1,0.9655172413793104,0.0011890606420927438
MUL0939.json,1,memory,attraction.type,0,0,0.0,0.0
MUL0939.json,1,memory,restaurant.food,1,1,0.9354838709677419,0.004162330905306979
MUL0939.json,1,memory,restaurant.pricerange,0,0,0.0,0.0
MUL0939.json,1,history,attraction.type,1,1,0.8962264150943396,0.010768956924172299
MUL0939.json,1,history,restaurant.food,1,1,0.9074074074074074,0.008573388203017826
MUL0939.json,1,history,restaurant.pricerange,1,1,0.9074074074074074,0.008573388203017826
MUL0941.json,0,extract,attraction.area,1,1,0.896551724137931,0.010701545778834717
MUL0941.json,0,extract,attraction.type,0,0,0.0,0.0
MUL0941.json,0,extract,restaurant.area,0,0,0.0,0.0
MUL0941.json,0,extract,restaurant.food,0,0,0.0,0.0
MUL0941.json,0,extract,restaurant.pricerange,0,0,0.0,0.0
MUL0941.json,0,memory,attraction.area,1,1,0.863013698630137,0.01876524676299493
MUL0941.json,0,memory,attraction.type,1,1,0.863013698630137,0.01876524676299493
MUL0941.json,0,memory,restaurant.area,0,0,0.0,0.0
MUL0941.json,0,memory,restaurant.food,0,0,0.0,0.0
MUL0941.json,0,memory,restaurant.pricerange,0,0,0.0,0.0
MUL0941.json,0,history,attraction.area,1,1,0.8962264150943396,0.010768956924172299
MUL0941.json,0,history,attraction.type,1,1,0.8962264150943396,0.010768956924172299
MUL0941.json,0,history,restaurant.area,1,0,0.9074074074074074,0.8233882030178327
MUL0941.json,0,history,restaurant.food,1,1,0.9074074074074074,0.008573388203017826
MUL0941.json,0,history,restaurant.pricerange,1,1,0.9074074074074074,0.008573388203017826
MUL0941.json,1,extract,attraction.area,1,1,0.896551724137931,0.010701545778834717
MUL0941.json,1,extract,attraction.type,0,0,0.0,0.0
MUL0941.json,1,extract,restaurant.area,0,0,0.0,0.0
MUL0941.json,1,extract,restaurant.food,0,0,0.0,0.0
MUL0941.json,1,extract,restaurant.pricerange,0,0,0.0,0.0
MUL0941.json,1,memory,attraction.area,1,1,0.863013698630137,0.01876524676299493
MUL0941.json,1,memory,attraction.type,1,1,0.863013698630137,0.01876524676299493
MUL0941.json,1,memory,restaurant.area,0,0,0.0,0.0
MUL0941.json,1,memory,restaurant.food,0,0,0.0,0.0
MUL0941.json,1,memory,restaurant.pricerange,0,0,0.0,0.0
MUL0941.json,1,history,attraction.area,1,1,0.8962264150943396,0.010768956924172299
MUL0941.json,1,history,attraction.type,1,1,0.8962264150943396,0.010768956924172299
MUL0941.json,1,history,restaurant.area,1,0,0.9074074074074074,0.8233882030178327
MUL0941.json,1,history,restaurant.food,1,1,0.9074074074074074,0.008573388203017826
MUL0941.json,1,history,restaurant.pricerange,1,1,0.9074074074074074,0.008573388203017826
MUL0947.json,0,extract,attraction.area,0,0,0.0,0.0
MUL0947.json,0,extract,attraction.type,0,0,0.0,0.0
MUL0947.json,0,extract,restaurant.area,1,1,0.9655172413793104,0.0011890606420927438
MUL0947.json,0,extract,restaurant.food,1,1,0.9655172413793104,0.0011890606420927438
MUL0947.json,0,extract,restaurant.pricerange,1,1,0.9655172413793104,0.0011890606420927438
MUL0947.json,0,memory,attraction.area,1,1,0.863013698630137,0.01876524676299493
MUL0947.json,0,memory,attraction.type,0,0,0.0,0.0
MUL0947.json,0,memory,restaurant.area,1,1,0.9354838709677419,0.004162330905306979
MUL0947.json,0,memory,restaurant.food,1,1,0.9354838709677419,0.004162330905306979
MUL0947.json,0,memory,restaurant.pricerange,1,1,0.9354838709677419,0.004162330905306979
MUL0947.json,0,history,attraction.area,1,1,0.8962264150943396,0.010768956924172299
MUL0947.json,0,history,attraction.type,1,1,0.8962264150943396,0.010768956924172299
MUL0947.json,0,history,restaurant.area,1,1,0.9074074074074074,0.008573388203017826
MUL0947.json,0,history,restaurant.food,1,1,0.9074074074074074,0.008573388203017826
MUL0947.json,0,history,restaurant.pricerange,1,1,0.9074074074074074,0.008573388203017826
MUL0947.json,1,extract,attraction.area,0,0,0.0,0.0
MUL0947.json,1,extract,attraction.type,0,0,0.0,0.0
MUL0947.json,1,extract,restaurant.area,1,1,0.9655172413793104,0.0011890606420927438
MUL0947.json,1,extract,restaurant.food,1,1,0.9655172413793104,0.0011890606420927438
MUL0947.json,1,extract,restaurant.pricerange,1,1,0.9655172413793104,0.0011890606420927438
MUL0947.json,1,memory,attraction.area,1,1,0.863013698630137,0.01876524676299493
MUL0947.json,1,memory,attraction.type,0,0,0.0,0.0
MUL0947.json,1,memory,restaurant.area,1,1,0.9354838709677419,0.004162330905306979
MUL0947.json,1,memory,restaurant.food,1,1,0.9354838709677419,0.004162330905306979
MUL0947.json,1,memory,restaurant.pricerange,1,1,0.9354838709677419,0.004162330905306979
MUL0947.json,1,history,attraction.area,1,1,0.8962264150943396,0.010768956924172299
MUL0947.json,1,history,attraction.type,1,1,0.8962264150943396,0.010768956924172299
MUL0947.json,1,history,restaurant.area,1,1,0.9074074074074074,0.008573388203017826
MUL0947.json,1,history,restaurant.food,1,1,0.9074074074074074,0.008573388203017826
MUL0947.json,1,history,restaurant.pricerange,1,1,0.9074074074074074,0.008573388203017826
MUL0978.json,0,extract,attraction.area,1,1,0.896551724137931,0.010701545778834717
MUL0978.json,0,extract,restaurant.area,0,0,0.0,0.0
MUL0978.json,0,extract,restaurant.food,1,1,0.9655172413793104,0.0011890606420927438
MUL0978.json,0,memory,attraction.area,0,0,0.0,0.0
MUL0978.json,0,memory,restaurant.area,1,1,0.9354838709677419,0.004162330905306979
MUL0978.json,0,memory,restaurant.food,1,1,0.9354838709677419,0.004162330905306979
MUL0978.json,0,history,attraction.area,1,1,0.8962264150943396,0.010768956924172299
MUL0978.json,0,history,restaurant.area,1,1,0.9074074074074074,0.008573388203017826
MUL0978.json,0,history,restaurant.food,1,1,0.9074074074074074,0.008573388203017826
MUL0978.json,1,extract,attraction.area,1,1,0.896551724137931,0.010701545778834717
MUL0978.json,1,extract,restaurant.area,0,0,0.0,0.0
MUL0978.json,1,extract,restaurant.food,1,1,0.9655172413793104,0.0011890606420927438
MUL0978.json,1,memory,attraction.area,0,0,0.0,0.0
MUL0978.json,1,memory,restaurant.area,1,1,0.9354838709677419,0.004162330905306979
MUL0978.json,1,memory,restaurant.food,1,1,0.9354838709677419,0.004162330905306979
MUL0978.json,1,history,attraction.area,1,0,0.8962264150943396,0.8032217871128516
MUL0978.json,1,history,restaurant.area,1,1,0.9074074074074074,0.008573388203017826
MUL0978.json,1,history,restaurant.food,1,1,0.9074074074074074,0.008573388203017826
MUL0992.json,0,extract,attraction.area,0,0,0.0,0.0
MUL0992.json,0,extract,attraction.type,0,0,0.0,0.0
MUL0992.json,0,extract,restaurant.area,0,0,0.0,0.0
MUL0992.json,0,extract,restaurant.pricerange,0,0,0.0,0.0
MUL0992.json,0,memory,attraction.area,0,0,0.0,0.0
MUL0992.json,0,memory,attraction.type,0,0,0.0,0.0
MUL0992.json,0,memory,restaurant.area,0,0,0.0,0.0
MUL0992.json,0,memory,restaurant.pricerange,0,0,0.0,0.0
MUL0992.json,0,history,attraction.area,1,1,0.8962264150943396,0.010768956924172299
MUL0992.json,0,history,attraction.type,1,1,0.8962264150943396,0.010768956924172299
MUL0992.json,0,history,restaurant.area,1,1,0.9074074074074074,0.008573388203017826
MUL0992.json,0,history,restaurant.pricerange,1,1,0.9074074074074074,0.008573388203017826
MUL0992.json,1,extract,attraction.area,0,0,0.0,0.0
MUL0992.json,1,extract,attraction.type,0,0,0.0,0.0
MUL0992.json,1,extract,restaurant.area,0,0,0.0,0.0
MUL0992.json,1,extract,restaurant.pricerange,0,0,0.0,0.0
MUL0992.json,1,memory,attraction.area,0,0,0.0,0.0
MUL0992.json,1,memory,attraction.type,0,0,0.0,0.0
MUL0992.json,1,memory,restaurant.area,0,0,0.0,0.0
MUL0992.json,1,memory,restaurant.pricerange,0,0,0.0,0.0
MUL0992.json,1,history,attraction.area,1,1,0.8962264150943396,0.010768956924172299
MUL0992.json,1,history,attraction.type,1,1,0.8962264150943396,0.010768956924172299
MUL0992.json,1,history,restaurant.area,1,1,0.9074074074074074,0.008573388203017826
MUL0992.json,1,history,restaurant.pricerange,1,1,0.9074074074074074,0.008573388203017826
MUL1008.json,0,extract,attraction.area,0,0,0.0,0.0
MUL1008.json,0,extract,hotel.pricerange,0,0,0.0,0.0
MUL1008.json,0,extract,hotel.stars,1,1,0.8064516129032258,0.037460978147762766
MUL1008.json,0,memory,attraction.area,0,0,0.0,0.0
MUL1008.json,0,memory,hotel.pricerange,0,0,0.0,0.0
MUL1008.json,0,memory,hotel.stars,1,1,0.7954545454545454,0.041838842975206625
MUL1008.json,0,history,attraction.area,1,1,0.8962264150943396,0.010768956924172299
MUL1008.json,0,history,hotel.pricerange,1,1,0.8703703703703703,0.016803840877914956
MUL1008.json,0,history,hotel.stars,1,1,0.8703703703703703,0.016803840877914956
MUL1008.json,1,extract,attraction.area,0,0,0.0,0.0
MUL1008.json,1,extract,hotel.pricerange,0,0,0.0,0.0
MUL1008.json,1,extract,hotel.stars,1,1,0.8064516129032258,0.037460978147762766
MUL1008.json,1,memory,attraction.area,0,0,0.0,0.0
MUL1008.json,1,memory,hotel.pricerange,0,0,0.0,0.0
MUL1008.json,1,memory,hotel.stars,1,1,0.7954545454545454,0.041838842975206625
MUL1008.json,1,history,attraction.area,1,1,0.8962264150943396,0.010768956924172299
MUL1008.json,1,history,hotel.pricerange,1,1,0.8703703703703703,0.016803840877914956
MUL1008.json,1,history,hotel.stars,1,1,0.8703703703703703,0.016803840877914956
MUL1015.json,0,extract,attraction.area,0,0,0.0,0.0
MUL1015.json,0,extract,attraction.type,1,1,0.896551724137931,0.010701545778834717
MUL1015.json,0,extract,hotel.area,1,1,0.8064516129032258,0.037460978147762766
MUL1015.json,0,extract,hotel.pricerange,1,1,0.8064516129032258,0.037460978147762766
MUL1015.json,0,extract,hotel.type,0,0,0.0,0.0
MUL1015.json,0,memory,attraction.area,0,0,0.0,0.0
MUL1015.json,0,memory,attraction.type,0,0,0.0,0.0
MUL1015.json,0,memory,hotel.area,1,1,0.7954545454545454,0.041838842975206625
MUL1015.json,0,memory,hotel.pricerange,1,1,0.7954545454545454,0.041838842975206625
MUL1015.json,0,memory,hotel.type,1,0,0.7954545454545454,0.6327479338842975
MUL1015.json,0,history,attraction.area,1,1,0.8962264150943396,0.010768956924172299
MUL1015.json,0,history,attraction.type,1,1,0.8962264150943396,0.010768956924172299
MUL1015.json,0,history,hotel.area,1,1,0.8703703703703703,0.016803840877914956
MUL1015.json,0,history,hotel.pricerange,1,1,0.8703703703703703,0.016803840877914956
MUL1015.json,0,history,hotel.type,1,1,0.8703703703703703,0.016803840877914956
MUL1015.json,1,extract,attraction.area,0,0,0.0,0.0
MUL1015.json,1,extract,attraction.type,1,1,0.896551724137931,0.010701545778834717
MUL1015.json,1,extract,hotel.area,1,1,0.8064516129032258,0.037460978147762766
MUL1015.json,1,extract,hotel.pricerange,1,1,0.8064516129032258,0.037460978147762766
MUL1015.json,1,extract,hotel.type,0,0,0.0,0.0
MUL1015.json,1,memory,attraction.area,0,0,0.0,0.0
MUL1015.json,1,memory,attraction.type,0,0,0.0,0.0
MUL1015.json,1,memory,hotel.area,1,1,0.7954545454545454,0.041838842975206625
MUL1015.json,1,memory,hotel.pricerange,1,1,0.7954545454545454,0.041838842975206625
MUL1015.json,1,memory,hotel.type,1,0,0.7954545454545454,0.6327479338842975
MUL1015.json,1,history,attraction.area,1,1,0.8962264150943396,0.010768956924172299
MUL1015.json,1,history,attraction.type,1,1,0.8962264150943396,0.010768956924172299
MUL1015.json,1,history,hotel.area,1,1,0.8703703703703703,0.016803840877914956
MUL1015.json,1,history,hotel.pricerange,1,1,0.8703703703703703,0.016803840877914956
MUL1015.json,1,history,hotel.type,1,1,0.8703703703703703,0.016803840877914956
MUL1045.json,0,extract,attraction.area,0,0,0.0,0.0
MUL1045.json,0,extract,hotel.area,0,0,0.0,0.0
MUL1045.json,0,extract,hotel.stars,1,1,0.8064516129032258,0.037460978147762766
MUL1045.json,0,extract,hotel.type,0,0,0.0,0.0
MUL1045.json,0,memory,attraction.area,0,0,0.0,0.0
MUL1045.json,0,memory,hotel.area,0,0,0.0,0.0
MUL1045.json,0,memory,hotel.stars,1,1,0.7954545454545454,0.041838842975206625
MUL1045.json,0,memory,hotel.type,1,1,0.7954545454545454,0.041838842975206625
MUL1045.json,0,history,attraction.area,1,1,0.8962264150943396,0.010768956924172299
MUL1045.json,0,history,hotel.area,1,1,0.8703703703703703,0.016803840877914956
MUL1045.json,0,history,hotel.stars,1,1,0.8703703703703703,0.016803840877914956
MUL1045.json,0,history,hotel.type,1,1,0.8703703703703703,0.016803840877914956
MUL1045.json,1,extract,attraction.area,0,0,0.0,0.0
MUL1045.json,1,extract,hotel.area,0,0,0.0,0.0
MUL1045.json,1,extract,hotel.stars,0,0,0.0,0.0
MUL1045.json,1,extract,hotel.type,0,0,0.0,0.0
MUL1045.json,1,memory,attraction.area,0,0,0.0,0.0
MUL1045.json,1,memory,hotel.area,1,0,0.7954545454545454,0.6327479338842975
MUL1045.json,1,memory,hotel.stars,0,0,0.0,0.0
MUL1045.json,1,memory,hotel.type,1,1,0.7954545454545454,0.041838842975206625
MUL1045.json,1,history,attraction.area,1,1,0.8962264150943396,0.010768956924172299
MUL1045.json,1,history,hotel.area,1,1,0.8703703703703703,0.016803840877914956
MUL1045.json,1,history,hotel.stars,1,1,0.8703703703703703,0.016803840877914956
MUL1045.json,1,history,hotel.type,1,1,0.8703703703703703,0.016803840877914956
MUL1055.json,0,extract,attraction.type,0,0,0.0,0.0
MUL1055.json,0,extract,hotel.area,1,1,0.8064516129032258,0.037460978147762766
MUL1055.json,0,extract,hotel.pricerange,0,0,0.0,0.0
MUL1055.json,0,extract,hotel.stars,0,0,0.0,0.0
MUL1055.json,0,extract,hotel.type,1,1,0.8064516129032258,0.037460978147762766
MUL1055.json,0,memory,attraction.type,0,0,0.0,0.0
MUL1055.json,0,memory,hotel.area,1,1,0.7954545454545454,0.041838842975206625
MUL1055.json,0,memory,hotel.pricerange,1,0,0.7954545454545454,0.6327479338842975
MUL1055.json,0,memory,hotel.stars,0,0,0.0,0.0
MUL1055.json,0,memory,hotel.type,1,1,0.7954545454545454,0.041838842975206625
MUL1055.json,0,history,attraction.type,1,1,0.8962264150943396,0.010768956924172299
MUL1055.json,0,history,hotel.area,1,1,0.8703703703703703,0.016803840877914956
MUL1055.json,0,history,hotel.pricerange,1,1,0.8703703703703703,0.016803840877914956
MUL1055.json,0,history,hotel.stars,1,1,0.8703703703703703,0.016803840877914956
MUL1055.json,0,history,hotel.type,1,1,0.8703703703703703,0.016803840877914956
MUL1055.json,1,extract,attraction.type,0,0,0.0,0.0
MUL1055.json,1,extract,hotel.area,1,1,0.8064516129032258,0.037460978147762766
MUL1055.json,1,extract,hotel.pricerange,0,0,0.0,0.0
MUL1055.json,1,extract,hotel.stars,0,0,0.0,0.0
MUL1055.json,1,extract,hotel.type,1,1,0.8064516129032258,0.037460978147762766
MUL1055.json,1,memory,attraction.type,0,0,0.0,0.0
MUL1055.json,1,memory,hotel.area,1,1,0.7954545454545454,0.041838842975206625
MUL1055.json,1,memory,hotel.pricerange,1,0,0.7954545454545454,0.6327479338842975
MUL1055.json,1,memory,hotel.stars,0,0,0.0,0.0
MUL1055.json,1,memory,hotel.type,1,1,0.7954545454545454,0.041838842975206625
MUL1055.json,1,history,attraction.type,1,1,0.8962264150943396,0.010768956924172299
MUL1055.json,1,history,hotel.area,1,1,0.8703703703703703,0.016803840877914956
MUL1055.json,1,history,hotel.pricerange,1,1,0.8703703703703703,0.016803840877914956
MUL1055.json,1,history,hotel.stars,1,1,0.8703703703703703,0.016803840877914956
MUL1055.json,1,history,hotel.type,1,1,0.8703703703703703,0.016803840877914956
MUL1060.json,0,extract,attraction.area,0,0,0.0,0.0
MUL1060.json,0,extract,attraction.type,1,1,0.896551724137931,0.010701545778834717
MUL1060.json,0,extract,hotel.area,1,1,0.8064516129032258,0.037460978147762766
MUL1060.json,0,memory,attraction.area,0,0,0.0,0.0
MUL1060.json,0,memory,attraction.type,1,1,0.863013698630137,0.01876524676299493
MUL1060.json,0,memory,hotel.area,1,1,0.7954545454545454,0.041838842975206625
MUL1060.json,0,history,attraction.area,1,1,0.8962264150943396,0.010768956924172299
MUL1060.json,0,history,attraction.type,1,1,0.8962264150943396,0.010768956924172299
MUL1060.json,0,history,hotel.area,1,1,0.8703703703703703,0.016803840877914956
MUL1060.json,1,extract,attraction.area,1,1,0.896551724137931,0.010701545778834717
MUL1060.json,1,extract,attraction.type,1,1,0.896551724137931,0.010701545778834717
MUL1060.json,1,extract,hotel.area,1,1,0.8064516129032258,0.037460978147762766
MUL1060.json,1,memory,attraction.area,1,1,0.863013698630137,0.01876524676299493
MUL1060.json,1,memory,attraction.type,1,1,0.863013698630137,0.01876524676299493
MUL1060.json,1,memory,hotel.area,1,1,0.7954545454545454,0.041838842975206625
MUL1060.json,1,history,attraction.area,1,1,0.8962264150943396,0.010768956924172299
MUL1060.json,1,history,attraction.type,1,1,0.8962264150943396,0.010768956924172299
MUL1060.json,1,history,hotel.area,1,1,0.8703703703703703,0.016803840877914956
MUL1071.json,0,extract,attraction.area,0,0,0.0,0.0
MUL1071.json,0,extract,attraction.type,0,0,0.0,0.0
MUL1071.json,0,extract,hotel.pricerange,1,1,0.8064516129032258,0.037460978147762766
MUL1071.json,0,memory,attraction.area,0,0,0.0,0.0
MUL1071.json,0,memory,attraction.type,0,0,0.0,0.0
MUL1071.json,0,memory,hotel.pricerange,1,1,0.7954545454545454,0.041838842975206625
MUL1071.json,0,history,attraction.area,1,1,0.8962264150943396,0.010768956924172299
MUL1071.json,0,history,attraction.type,1,0,0.8962264150943396,0.8032217871128516
MUL1071.json,0,history,hotel.pricerange,1,1,0.8703703703703703,0.016803840877914956
MUL1071.json,1,extract,attraction.area,0,0,0.0,0.0
MUL1071.json,1,extract,attraction.type,0,0,0.0,0.0
MUL1071.json,1,extract,hotel.pricerange,1,1,0.8064516129032258,0.037460978147762766
MUL1071.json,1,memory,attraction.area,0,0,0.0,0.0
MUL1071.json,1,memory,attraction.type,0,0,0.0,0.0
MUL1071.json,1,memory,hotel.pricerange,1,1,0.7954545454545454,0.041838842975206625
MUL1071.json,1,history,attraction.area,1,1,0.8962264150943396,0.010768956924172299
MUL1071.json,1,history,attraction.type,1,0,0.8962264150943396,0.8032217871128516
MUL1071.json,1,history,hotel.pricerange,1,1,0.8703703703703703,0.016803840877914956
MUL1076.json,0,extract,attraction.area,0,0,0.0,0.0
MUL1076.json,0,extract,attraction.type,0,0,0.0,0.0
MUL1076.json,0,extract,hotel.pricerange,0,0,0.0,0.0
MUL1076.json,0,extract,hotel.type,0,0,0.0,0.0
MUL1076.json,0,memory,attraction.area,0,0,0.0,0.0
MUL1076.json,0,memory,attraction.type,0,0,0.0,0.0
MUL1076.json,0,memory,hotel.pricerange,0,0,0.0,0.0
MUL1076.json,0,memory,hotel.type,0,0,0.0,0.0
MUL1076.json,0,history,attraction.area,1,1,0.8962264150943396,0.010768956924172299
MUL1076.json,0,history,attraction.type,1,1,0.8962264150943396,0.010768956924172299
MUL1076.json,0,history,hotel.pricerange,1,1,0.8703703703703703,0.016803840877914956
MUL1076.json,0,history,hotel.type,1,1,0.8703703703703703,0.016803840877914956
MUL1076.json,1,extract,attraction.area,1,1,0.896551724137931,0.010701545778834717
MUL1076.json,1,extract,attraction.type,1,1,0.896551724137931,0.010701545778834717
MUL1076.json,1,extract,hotel.pricerange,0,0,0.0,0.0
MUL1076.json,1,extract,hotel.type,0,0,0.0,0.0
MUL1076.json,1,memory,attraction.area,0,0,0.0,0.0
MUL1076.json,1,memory,attraction.type,0,0,0.0,0.0
MUL1076.json,1,memory,hotel.pricerange,0,0,0.0,0.0
MUL1076.json,1,memory,hotel.type,0,0,0.0,0.0
MUL1076.json,1,history,attraction.area,1,1,0.8962264150943396,0.010768956924172299
MUL1076.json,1,history,attraction.type,1,1,0.8962264150943396,0.010768956924172299
MUL1076.json,1,history,hotel.pricerange,1,1,0.8703703703703703,0.016803840877914956
MUL1076.json,1,history,hotel.type,1,1,0.8703703703703703,0.016803840877914956
MUL1088.json,0,extract,attraction.area,0,0,0.0,0.0
MUL1088.json,0,extract,attraction.type,1,1,0.896551724137931,0.010701545778834717
MUL1088.json,0,extract,hotel.pricerange,1,1,0.8064516129032258,0.037460978147762766
MUL1088.json,0,extract,hotel.stars,0,0,0.0,0.0
MUL1088.json,0,extract,hotel.type,0,0,0.0,0.0
MUL1088.json,0,memory,attraction.area,0,0,0.0,0.0
MUL1088.json,0,memory,attraction.type,1,1,0.863013698630137,0.01876524676299493
MUL1088.json,0,memory,hotel.pricerange,0,0,0.0,0.0
MUL1088.json,0,memory,hotel.stars,1,1,0.7954545454545454,0.041838842975206625
MUL1088.json,0,memory,hotel.type,1,1,0.7954545454545454,0.041838842975206625
MUL1088.json,0,history,attraction.area,1,1,0.8962264150943396,0.010768956924172299
MUL1088.json,0,history,attraction.type,1,1,0.8962264150943396,0.010768956924172299
MUL1088.json,0,history,hotel.pricerange,1,0,0.8703703703703703,0.7575445816186557
MUL1088.json,0,history,hotel.stars,1,1,0.8703703703703703,0.016803840877914956
MUL1088.json,0,history,hotel.type,1,0,0.8703703703703703,0.7575445816186557
MUL1088.json,1,extract,attraction.area,0,0,0.0,0.0
MUL1088.json,1,extract,attraction.type,1,1,0.896551724137931,0.010701545778834717
MUL1088.json,1,extract,hotel.pricerange,1,1,0.8064516129032258,0.037460978147762766
MUL1088.json,1,extract,hotel.stars,0,0,0.0,0.0
MUL1088.json,1,extract,hotel.type,0,0,0.0,0.0
MUL1088.json,1,memory,attraction.area,0,0,0.0,0.0
MUL1088.json,1,memory,attraction.type,1,1,0.863013698630137,0.01876524676299493
MUL1088.json,1,memory,hotel.pricerange,0,0,0.0,0.0
MUL1088.json,1,memory,hotel.stars,1,1,0.7954545454545454,0.041838842975206625
MUL1088.json,1,memory,hotel.type,1,1,0.7954545454545454,0.041838842975206625
MUL1088.json,1,history,attraction.area,1,1,0.8962264150943396,0.010768956924172299
MUL1088.json,1,history,attraction.type,1,1,0.8962264150943396,0.010768956924172299
MUL1088.json,1,history,hotel.pricerange,1,0,0.8703703703703703,0.7575445816186557
MUL1088.json,1,history,hotel.stars,1,1,0.8703703703703703,0.016803840877914956
MUL1088.json,1,history,hotel.type,1,0,0.8703703703703703,0.7575445816186557
MUL1117.json,0,extract,attraction.type,0,0,0.0,0.0
MUL1117.json,0,extract,hotel.pricerange,0,0,0.0,0.0
MUL1117.json,0,extract,hotel.type,0,0,0.0,0.0
MUL1117.json,0,memory,attraction.type,0,0,0.0,0.0
MUL1117.json,0,memory,hotel.pricerange,0,0,0.0,0.0
MUL1117.json,0,memory,hotel.type,0,0,0.0,0.0
MUL1117.json,0,history,attraction.type,1,1,0.8962264150943396,0.010768956924172299
MUL1117.json,0,history,hotel.pricerange,1,1,0.8703703703703703,0.016803840877914956
MUL1117.json,0,history,hotel.type,1,1,0.8703703703703703,0.016803840877914956
MUL1117.json,1,extract,attraction.type,0,0,0.0,0.0
MUL1117.json,1,extract,hotel.pricerange,0,0,0.0,0.0
MUL1117.json,1,extract,hotel.type,0,0,0.0,0.0
MUL1117.json,1,memory,attraction.type,0,0,0.0,0.0
MUL1117.json,1,memory,hotel.pricerange,0,0,0.0,0.0
MUL1117.json,1,memory,hotel.type,0,0,0.0,0.0
MUL1117.json,1,history,attraction.type,1,1,0.8962264150943396,0.010768956924172299
MUL1117.json,1,history,hotel.pricerange,1,1,0.8703703703703703,0.016803840877914956
MUL1117.json,1,history,hotel.type,1,1,0.8703703703703703,0.016803840877914956
MUL1137.json,0,extract,attraction.area,0,0,0.0,0.0
MUL1137.json,0,extract,attraction.type,0,0,0.0,0.0
MUL1137.json,0,extract,hotel.pricerange,0,0,0.0,0.0
MUL1137.json,0,extract,hotel.stars,1,1,0.8064516129032258,0.037460978147762766
MUL1137.json,0,memory,attraction.area,0,0,0.0,0.0
MUL1137.json,0,memory,attraction.type,0,0,0.0,0.0
MUL1137.json,0,memory,hotel.pricerange,1,1,0.7954545454545454,0.041838842975206625
MUL1137.json,0,memory,hotel.stars,1,1,0.7954545454545454,0.041838842975206625
MUL1137.json,0,history,attraction.area,1,1,0.8962264150943396,0.010768956924172299
MUL1137.json,0,history,attraction.type,1,1,0.8962264150943396,0.010768956924172299
MUL1137.json,0,history,hotel.pricerange,1,1,0.8703703703703703,0.016803840877914956
MUL1137.json,0,history,hotel.stars,1,1,0.8703703703703703,0.016803840877914956
MUL1137.json,1,extract,attraction.area,0,0,0.0,0.0
MUL1137.json,1,extract,attraction.type,0,0,0.0,0.0
MUL1137.json,1,extract,hotel.pricerange,0,0,0.0,0.0
MUL1137.json,1,extract,hotel.stars,0,0,0.0,0.0
MUL1137.json,1,memory,attraction.area,0,0,0.0,0.0
MUL1137.json,1,memory,attraction.type,0,0,0.0,0.0
MUL1137.json,1,memory,hotel.pricerange,0,0,0.0,0.0
MUL1137.json,1,memory,hotel.stars,0,0,0.0,0.0
MUL1137.json,1,history,attraction.area,1,1,0.8962264150943396,0.010768956924172299
MUL1137.json,1,history,attraction.type,1,1,0.8962264150943396,0.010768956924172299
MUL1137.json,1,history,hotel.pricerange,1,1,0.8703703703703703,0.016803840877914956
MUL1137.json,1,history,hotel.stars,1,1,0.8703703703703703,0.016803840877914956
MUL1139.json,0,extract,attraction.area,0,0,0.0,0.0
MUL1139.json,0,extract,attraction.type,0,0,0.0,0.0
MUL1139.json,0,extract,hotel.pricerange,1,1,0.8064516129032258,0.037460978147762766
MUL1139.json,0,memory,attraction.area,0,0,0.0,0.0
MUL1139.json,0,memory,attraction.type,0,0,0.0,0.0
MUL1139.json,0,memory,hotel.pricerange,1,1,0.7954545454545454,0.041838842975206625
MUL1139.json,0,history,attraction.area,1,1,0.8962264150943396,0.010768956924172299
MUL1139.json,0,history,attraction.type,1,1,0.8962264150943396,0.010768956924172299
MUL1139.json,0,history,hotel.pricerange,1,1,0.8703703703703703,0.016803840877914956
MUL1139.json,1,extract,attraction.area,1,1,0.896551724137931,0.010701545778834717
MUL1139.json,1,extract,attraction.type,0,0,0.0,0.0
MUL1139.json,1,extract,hotel.pricerange,1,1,0.8064516129032258,0.037460978147762766
MUL1139.json,1,memory,attraction.area,1,1,0.863013698630137,0.01876524676299493
MUL1139.json,1,memory,attraction.type,0,0,0.0,0.0
MUL1139.json,1,memory,hotel.pricerange,1,1,0.7954545454545454,0.041838842975206625
MUL1139.json,1,history,attraction.area,1,1,0.8962264150943396,0.010768956924172299
MUL1139.json,1,history,attraction.type,1,1,0.8962264150943396,0.010768956924172299
MUL1139.json,1,history,hotel.pricerange,1,1,0.8703703703703703,0.016803840877914956
MUL1159.json,0,extract,attraction.area,0,0,0.0,0.0
MUL1159.json,0,extract,attraction.type,0,0,0.0,0.0
MUL1159.json,0,extract,hotel.area,0,0,0.0,0.0
MUL1159.json,0,extract,hotel.pricerange,1,1,0.8064516129032258,0.037460978147762766
MUL1159.json,0,memory,attraction.area,0,0,0.0,0.0
MUL1159.json,0,memory,attraction.type,0,0,0.0,0.0
MUL1159.json,0,memory,hotel.area,0,0,0.0,0.0
MUL1159.json,0,memory,hotel.pricerange,1,1,0.7954545454545454,0.041838842975206625
MUL1159.json,0,history,attraction.area,1,0,0.8962264150943396,0.8032217871128516
MUL1159.json,0,history,attraction.type,1,1,0.8962264150943396,0.010768956924172299
MUL1159.json,0,history,hotel.area,1,1,0.8703703703703703,0.016803840877914956
MUL1159.json,0,history,hotel.pricerange,1,1,0.8703703703703703,0.016803840877914956
MUL1159.json,1,extract,attraction.area,0,0,0.0,0.0
MUL1159.json,1,extract,attraction.type,0,0,0.0,0.0
MUL1159.json,1,extract,hotel.area,0,0,0.0,0.0
MUL1159.json,1,extract,hotel.pricerange,1,1,0.8064516129032258,0.037460978147762766
MUL1159.json,1,memory,attraction.area,0,0,0.0,0.0
MUL1159.json,1,memory,attraction.type,0,0,0.0,0.0
MUL1159.json,1,memory,hotel.area,0,0,0.0,0.0
MUL1159.json,1,memory,hotel.pricerange,1,1,0.7954545454545454,0.041838842975206625
MUL1159.json,1,history,attraction.area,1,0,0.8962264150943396,0.8032217871128516
MUL1159.json,1,history,attraction.type,1,1,0.8962264150943396,0.010768956924172299
MUL1159.json,1,history,hotel.area,1,1,0.8703703703703703,0.016803840877914956
MUL1159.json,1,history,hotel.pricerange,1,1,0.8703703703703703,0.016803840877914956
MUL1392.json,0,extract,hotel.area,0,0,0.0,0.0
MUL1392.json,0,extract,hotel.pricerange,0,0,0.0,0.0
MUL1392.json,0,extract,hotel.type,0,0,0.0,0.0
MUL1392.json,0,extract,restaurant.area,1,1,0.9655172413793104,0.0011890606420927438
MUL1392.json,0,extract,restaurant.food,0,0,0.0,0.0
MUL1392.json,0,memory,hotel.area,1,1,0.7954545454545454,0.041838842975206625
MUL1392.json,0,memory,hotel.pricerange,0,0,0.0,0.0
MUL1392.json,0,memory,hotel.type,0,0,0.0,0.0
MUL1392.json,0,memory,restaurant.area,1,1,0.9354838709677419,0.004162330905306979
MUL1392.json,0,memory,restaurant.food,1,1,0.9354838709677419,0.004162330905306979
MUL1392.json,0,history,hotel.area,1,1,0.8703703703703703,0.016803840877914956
MUL1392.json,0,history,hotel.pricerange,1,1,0.8703703703703703,0.016803840877914956
MUL1392.json,0,history,hotel.type,1,1,0.8703703703703703,0.016803840877914956
MUL1392.json,0,history,restaurant.area,1,1,0.9074074074074074,0.008573388203017826
MUL1392.json,0,history,restaurant.food,1,1,0.9074074074074074,0.008573388203017826
MUL1392.json,1,extract,hotel.area,0,0,0.0,0.0
MUL1392.json,1,extract,hotel.pricerange,0,0,0.0,0.0
MUL1392.json,1,extract,hotel.type,0,0,0.0,0.0
MUL1392.json,1,extract,restaurant.area,1,1,0.9655172413793104,0.0011890606420927438
MUL1392.json,1,extract,restaurant.food,0,0,0.0,0.0
MUL1392.json,1,memory,hotel.area,1,1,0.7954545454545454,0.041838842975206625
MUL1392.json,1,memory,hotel.pricerange,0,0,0.0,0.0
MUL1392.json,1,memory,hotel.type,0,0,0.0,0.0
MUL1392.json,1,memory,restaurant.area,1,1,0.9354838709677419,0.004162330905306979
MUL1392.json,1,memory,restaurant.food,1,1,0.9354838709677419,0.004162330905306979
MUL1392.json,1,history,hotel.area,1,1,0.8703703703703703,0.016803840877914956
MUL1392.json,1,history,hotel.pricerange,1,1,0.8703703703703703,0.016803840877914956
MUL1392.json,1,history,hotel.type,1,1,0.8703703703703703,0.016803840877914956
MUL1392.json,1,history,restaurant.area,1,1,0.9074074074074074,0.008573388203017826
MUL1392.json,1,history,restaurant.food,1,1,0.9074074074074074,0.008573388203017826
MUL2316.json,0,extract,attraction.type,0,0,0.0,0.0
MUL2316.json,0,extract,restaurant.area,1,1,0.9655172413793104,0.0011890606420927438
MUL2316.json,0,extract,restaurant.food,0,0,0.0,0.0
MUL2316.json,0,extract,restaurant.pricerange,0,0,0.0,0.0
MUL2316.json,0,memory,attraction.type,0,0,0.0,0.0
MUL2316.json,0,memory,restaurant.area,1,1,0.9354838709677419,0.004162330905306979
MUL2316.json,0,memory,restaurant.food,0,0,0.0,0.0
MUL2316.json,0,memory,restaurant.pricerange,0,0,0.0,0.0
MUL2316.json,0,history,attraction.type,1,1,0.8962264150943396,0.010768956924172299
MUL2316.json,0,history,restaurant.area,1,1,0.9074074074074074,0.008573388203017826
MUL2316.json,0,history,restaurant.food,1,1,0.9074074074074074,0.008573388203017826
MUL2316.json,0,history,restaurant.pricerange,1,1,0.9074074074074074,0.008573388203017826
MUL2316.json,1,extract,attraction.type,0,0,0.0,0.0
MUL2316.json,1,extract,restaurant.area,1,1,0.9655172413793104,0.0011890606420927438
MUL2316.json,1,extract,restaurant.food,0,0,0.0,0.0
MUL2316.json,1,extract,restaurant.pricerange,0,0,0.0,0.0
MUL2316.json,1,memory,attraction.type,0,0,0.0,0.0
MUL2316.json,1,memory,restaurant.area,1,1,0.9354838709677419,0.004162330905306979
MUL2316.json,1,memory,restaurant.food,0,0,0.0,0.0
MUL2316.json,1,memory,restaurant.pricerange,0,0,0.0,0.0
MUL2316.json,1,history,attraction.type,1,1,0.8962264150943396,0.010768956924172299
MUL2316.json,1,history,restaurant.area,1,1,0.9074074074074074,0.008573388203017826
MUL2316.json,1,history,restaurant.food,1,1,0.9074074074074074,0.008573388203017826
MUL2316.json,1,history,restaurant.pricerange,1,1,0.9074074074074074,0.008573388203017826
MUL2317.json,0,extract,attraction.type,0,0,0.0,0.0
MUL2317.json,0,extract,restaurant.area,0,0,0.0,0.0
MUL2317.json,0,extract,restaurant.food,0,0,0.0,0.0
MUL2317.json,0,memory,attraction.type,0,0,0.0,0.0
MUL2317.json,0,memory,restaurant.area,0,0,0.0,0.0
MUL2317.json,0,memory,restaurant.food,0,0,0.0,0.0
MUL2317.json,0,history,attraction.type,1,1,0.8962264150943396,0.010768956924172299
MUL2317.json,0,history,restaurant.area,1,1,0.9074074074074074,0.008573388203017826
MUL2317.json,0,history,restaurant.food,1,1,0.9074074074074074,0.008573388203017826
MUL2317.json,1,extract,attraction.type,0,0,0.0,0.0
MUL2317.json,1,extract,restaurant.area,0,0,0.0,0.0
MUL2317.json,1,extract,restaurant.food,0,0,0.0,0.0
MUL2317.json,1,memory,attraction.type,0,0,0.0,0.0
MUL2317.json,1,memory,restaurant.area,0,0,0.0,0.0
MUL2317.json,1,memory,restaurant.food,0,0,0.0,0.0
MUL2317.json,1,history,attraction.type,1,1,0.8962264150943396,0.010768956924172299
MUL2317.json,1,history,restaurant.area,1,1,0.9074074074074074,0.008573388203017826
MUL2317.json,1,history,restaurant.food,1,1,0.9074074074074074,0.008573388203017826
MUL2320.json,0,extract,attraction.type,0,0,0.0,0.0
MUL2320.json,0,extract,restaurant.food,1,1,0.9655172413793104,0.0011890606420927438
MUL2320.json,0,extract,restaurant.pricerange,1,1,0.9655172413793104,0.0011890606420927438
MUL2320.json,0,memory,attraction.type,0,0,0.0,0.0
MUL2320.json,0,memory,restaurant.food,1,1,0.9354838709677419,0.004162330905306979
MUL2320.json,0,memory,restaurant.pricerange,1,1,0.9354838709677419,0.004162330905306979
MUL2320.json,0,history,attraction.type,1,1,0.8962264150943396,0.010768956924172299
MUL2320.json,0,history,restaurant.food,1,1,0.9074074074074074,0.008573388203017826
MUL2320.json,0,history,restaurant.pricerange,1,1,0.9074074074074074,0.008573388203017826
MUL2320.json,1,extract,attraction.type,0,0,0.0,0.0
MUL2320.json,1,extract,restaurant.food,1,1,0.9655172413793104,0.0011890606420927438
MUL2320.json,1,extract,restaurant.pricerange,1,1,0.9655172413793104,0.0011890606420927438
MUL2320.json,1,memory,attraction.type,0,0,0.0,0.0
MUL2320.json,1,memory,restaurant.food,1,1,0.9354838709677419,0.004162330905306979
MUL2320.json,1,memory,restaurant.pricerange,1,1,0.9354838709677419,0.004162330905306979
MUL2320.json,1,history,attraction.type,1,1,0.8962264150943396,0.010768956924172299
MUL2320.json,1,history,restaurant.food,1,1,0.9074074074074074,0.008573388203017826
MUL2320.json,1,history,restaurant.pricerange,1,1,0.9074074074074074,0.008573388203017826
MUL2347.json,0,extract,attraction.area,0,0,0.0,0.0
MUL2347.json,0,extract,attraction.type,0,0,0.0,0.0
MUL2347.json,0,extract,restaurant.area,1,1,0.9655172413793104,0.0011890606420927438
MUL2347.json,0,extract,restaurant.food,1,1,0.9655172413793104,0.0011890606420927438
MUL2347.json,0,extract,restaurant.pricerange,0,0,0.0,0.0
MUL2347.json,0,memory,attraction.area,0,0,0.0,0.0
MUL2347.json,0,memory,attraction.type,0,0,0.0,0.0
MUL2347.json,0,memory,restaurant.area,1,1,0.9354838709677419,0.004162330905306979
MUL2347.json,0,memory,restaurant.food,1,1,0.9354838709677419,0.004162330905306979
MUL2347.json,0,memory,restaurant.pricerange,1,1,0.9354838709677419,0.004162330905306979
MUL2347.json,0,history,attraction.area,1,1,0.8962264150943396,0.010768956924172299
MUL2347.json,0,history,attraction.type,1,1,0.8962264150943396,0.010768956924172299
MUL2347.json,0,history,restaurant.area,1,1,0.9074074074074074,0.008573388203017826
MUL2347.json,0,history,restaurant.food,1,1,0.9074074074074074,0.008573388203017826
MUL2347.json,0,history,restaurant.pricerange,1,1,0.9074074074074074,0.008573388203017826
MUL2347.json,1,extract,attraction.area,0,0,0.0,0.0
MUL2347.json,1,extract,attraction.type,0,0,0.0,0.0
MUL2347.json,1,extract,restaurant.area,1,1,0.9655172413793104,0.0011890606420927438
MUL2347.json,1,extract,restaurant.food,1,1,0.9655172413793104,0.0011890606420927438
MUL2347.json,1,extract,restaurant.pricerange,1,1,0.9655172413793104,0.0011890606420927438
MUL2347.json,1,memory,attraction.area,1,1,0.863013698630137,0.01876524676299493
MUL2347.json,1,memory,attraction.type,0,0,0.0,0.0
MUL2347.json,1,memory,restaurant.area,1,1,0.9354838709677419,0.004162330905306979
MUL2347.json,1,memory,restaurant.food,1,1,0.9354838709677419,0.004162330905306979
MUL2347.json,1,memory,restaurant.pricerange,1,1,0.9354838709677419,0.004162330905306979
MUL2347.json,1,history,attraction.area,1,1,0.8962264150943396,0.010768956924172299
MUL2347.json,1,history,attraction.type,1,1,0.8962264150943396,0.010768956924172299
MUL2347.json,1,history,restaurant.area,1,1,0.9074074074074074,0.008573388203017826
MUL2347.json,1,history,restaurant.food,1,1,0.9074074074074074,0.008573388203017826
MUL2347.json,1,history,restaurant.pricerange,1,1,0.9074074074074074,0.008573388203017826
MUL2358.json,0,extract,attraction.type,0,0,0.0,0.0
MUL2358.json,0,extract,restaurant.area,1,1,0.9655172413793104,0.0011890606420927438
MUL2358.json,0,extract,restaurant.pricerange,1,1,0.9655172413793104,0.0011890606420927438
MUL2358.json,0,memory,attraction.type,0,0,0.0,0.0
MUL2358.json,0,memory,restaurant.area,1,1,0.9354838709677419,0.004162330905306979
MUL2358.json,0,memory,restaurant.pricerange,1,1,0.9354838709677419,0.004162330905306979
MUL2358.json,0,history,attraction.type,1,1,0.8962264150943396,0.010768956924172299
MUL2358.json,0,history,restaurant.area,1,1,0.9074074074074074,0.008573388203017826
MUL2358.json,0,history,restaurant.pricerange,1,1,0.9074074074074074,0.008573388203017826
MUL2358.json,1,extract,attraction.type,0,0,0.0,0.0
MUL2358.json,1,extract,restaurant.area,1,1,0.9655172413793104,0.0011890606420927438
MUL2358.json,1,extract,restaurant.pricerange,1,1,0.9655172413793104,0.0011890606420927438
MUL2358.json,1,memory,attraction.type,0,0,0.0,0.0
MUL2358.json,1,memory,restaurant.area,1,1,0.9354838709677419,0.004162330905306979
MUL2358.json,1,memory,restaurant.pricerange,1,1,0.9354838709677419,0.004162330905306979
MUL2358.json,1,history,attraction.type,1,1,0.8962264150943396,0.010768956924172299
MUL2358.json,1,history,restaurant.area,1,1,0.9074074074074074,0.008573388203017826
MUL2358.json,1,history,restaurant.pricerange,1,1,0.9074074074074074,0.008573388203017826
MUL2359.json,0,extract,attraction.type,0,0,0.0,0.0
MUL2359.json,0,extract,restaurant.area,0,0,0.0,0.0
MUL2359.json,0,extract,restaurant.food,0,0,0.0,0.0
MUL2359.json,0,extract,restaurant.pricerange,0,0,0.0,0.0
MUL2359.json,0,memory,attraction.type,0,0,0.0,0.0
MUL2359.json,0,memory,restaurant.area,0,0,0.0,0.0
MUL2359.json,0,memory,restaurant.food,0,0,0.0,0.0
MUL2359.json,0,memory,restaurant.pricerange,0,0,0.0,0.0
MUL2359.json,0,history,attraction.type,1,1,0.8962264150943396,0.010768956924172299
MUL2359.json,0,history,restaurant.area,1,1,0.9074074074074074,0.008573388203017826
MUL2359.json,0,history,restaurant.food,1,1,0.9074074074074074,0.008573388203017826
MUL2359.json,0,history,restaurant.pricerange,1,1,0.9074074074074074,0.008573388203017826
MUL2359.json,1,extract,attraction.type,0,0,0.0,0.0
MUL2359.json,1,extract,restaurant.area,0,0,0.0,0.0
MUL2359.json,1,extract,restaurant.food,0,0,0.0,0.0
MUL2359.json,1,extract,restaurant.pricerange,0,0,0.0,0.0
MUL2359.json,1,memory,attraction.type,0,0,0.0,0.0
MUL2359.json,1,memory,restaurant.area,0,0,0.0,0.0
MUL2359.json,1,memory,restaurant.food,0,0,0.0,0.0
MUL2359.json,1,memory,restaurant.pricerange,0,0,0.0,0.0
MUL2359.json,1,history,attraction.type,1,1,0.8962264150943396,0.010768956924172299
MUL2359.json,1,history,restaurant.area,1,1,0.9074074074074074,0.008573388203017826
MUL2359.json,1,history,restaurant.food,1,1,0.9074074074074074,0.008573388203017826
MUL2359.json,1,history,restaurant.pricerange,1,1,0.9074074074074074,0.008573388203017826
MUL2365.json,0,extract,attraction.area,1,1,0.896551724137931,0.010701545778834717
MUL2365.json,0,extract,restaurant.area,1,1,0.9655172413793104,0.0011890606420927438
MUL2365.json,0,extract,restaurant.food,0,0,0.0,0.0
MUL2365.json,0,extract,restaurant.pricerange,0,0,0.0,0.0
MUL2365.json,0,memory,attraction.area,0,0,0.0,0.0
MUL2365.json,0,memory,restaurant.area,1,1,0.9354838709677419,0.004162330905306979
MUL2365.json,0,memory,restaurant.food,0,0,0.0,0.0
MUL2365.json,0,memory,restaurant.pricerange,0,0,0.0,0.0
MUL2365.json,0,history,attraction.area,1,1,0.8962264150943396,0.010768956924172299
MUL2365.json,0,history,restaurant.area,1,1,0.9074074074074074,0.008573388203017826
MUL2365.json,0,history,restaurant.food,1,1,0.9074074074074074,0.008573388203017826
MUL2365.json,0,history,restaurant.pricerange,1,1,0.9074074074074074,0.008573388203017826
MUL2365.json,1,extract,attraction.area,1,1,0.896551724137931,0.010701545778834717
MUL2365.json,1,extract,restaurant.area,1,1,0.9655172413793104,0.0011890606420927438
MUL2365.json,1,extract,restaurant.food,0,0,0.0,0.0
MUL2365.json,1,extract,restaurant.pricerange,0,0,0.0,0.0
MUL2365.json,1,memory,attraction.area,0,0,0.0,0.0
MUL2365.json,1,memory,restaurant.area,1,1,0.9354838709677419,0.004162330905306979
MUL2365.json,1,memory,restaurant.food,0,0,0.0,0.0
MUL2365.json,1,memory,restaurant.pricerange,0,0,0.0,0.0
MUL2365.json,1,history,attraction.area,1,1,0.8962264150943396,0.010768956924172299
MUL2365.json,1,history,restaurant.area,1,1,0.9074074074074074,0.008573388203017826
MUL2365.json,1,history,restaurant.food,1,1,0.9074074074074074,0.008573388203017826
MUL2365.json,1,history,restaurant.pricerange,1,1,0.9074074074074074,0.008573388203017826
MUL2378.json,0,extract,attraction.area,0,0,0.0,0.0
MUL2378.json,0,extract,restaurant.area,1,1,0.9655172413793104,0.0011890606420927438
MUL2378.json,0,extract,restaurant.food,1,1,0.9655172413793104,0.0011890606420927438
MUL2378.json,0,memory,attraction.area,0,0,0.0,0.0
MUL2378.json,0,memory,restaurant.area,1,1,0.9354838709677419,0.004162330905306979
MUL2378.json,0,memory,restaurant.food,0,0,0.0,0.0
MUL2378.json,0,history,attraction.area,1,1,0.8962264150943396,0.010768956924172299
MUL2378.json,0,history,restaurant.area,1,1,0.9074074074074074,0.008573388203017826
MUL2378.json,0,history,restaurant.food,1,1,0.9074074074074074,0.008573388203017826
MUL2378.json,1,extract,attraction.area,0,0,0.0,0.0
MUL2378.json,1,extract,restaurant.area,1,1,0.9655172413793104,0.0011890606420927438
MUL2378.json,1,extract,restaurant.food,1,1,0.9655172413793104,0.0011890606420927438
MUL2378.json,1,memory,attraction.area,0,0,0.0,0.0
MUL2378.json,1,memory,restaurant.area,1,1,0.9354838709677419,0.004162330905306979
MUL2378.json,1,memory,restaurant.food,0,0,0.0,0.0
MUL2378.json,1,history,attraction.area,1,1,0.8962264150943396,0.010768956924172299
MUL2378.json,1,history,restaurant.area,1,1,0.9074074074074074,0.008573388203017826
MUL2378.json,1,history,restaurant.food,1,1,0.9074074074074074,0.008573388203017826
MUL2423.json,0,extract,attraction.area,0,0,0.0,0.0
MUL2423.json,0,extract,attraction.type,0,0,0.0,0.0
MUL2423.json,0,extract,restaurant.area,0,0,0.0,0.0
MUL2423.json,0,extract,restaurant.food,0,0,0.0,0.0
MUL2423.json,0,extract,restaurant.pricerange,0,0,0.0,0.0
MUL2423.json,0,memory,attraction.area,0,0,0.0,0.0
MUL2423.json,0,memory,attraction.type,0,0,0.0,0.0
MUL2423.json,0,memory,restaurant.area,0,0,0.0,0.0
MUL2423.json,0,memory,restaurant.food,0,0,0.0,0.0
MUL2423.json,0,memory,restaurant.pricerange,0,0,0.0,0.0
MUL2423.json,0,history,attraction.area,1,1,0.8962264150943396,0.010768956924172299
MUL2423.json,0,history,attraction.type,1,1,0.8962264150943396,0.010768956924172299
MUL2423.json,0,history,restaurant.area,1,1,0.9074074074074074,0.008573388203017826
MUL2423.json,0,history,restaurant.food,1,1,0.9074074074074074,0.008573388203017826
MUL2423.json,0,history,restaurant.pricerange,1,1,0.9074074074074074,0.008573388203017826
MUL2423.json,1,extract,attraction.area,0,0,0.0,0.0
MUL2423.json,1,extract,attraction.type,0,0,0.0,0.0
MUL2423.json,1,extract,restaurant.area,0,0,0.0,0.0
MUL2423.json,1,extract,restaurant.food,0,0,0.0,0.0
MUL2423.json,1,extract,restaurant.pricerange,0,0,0.0,0.0
MUL2423.json,1,memory,attraction.area,0,0,0.0,0.0
MUL2423.json,1,memory,attraction.type,0,0,0.0,0.0
MUL2423.json,1,memory,restaurant.area,0,0,0.0,0.0
MUL2423.json,1,memory,restaurant.food,0,0,0.0,0.0
MUL2423.json,1,memory,restaurant.pricerange,0,0,0.0,0.0
MUL2423.json,1,history,attraction.area,1,1,0.8962264150943396,0.010768956924172299
MUL2423.json,1,history,attraction.type,1,1,0.8962264150943396,0.010768956924172299
MUL2423.json,1,history,restaurant.area,1,1,0.9074074074074074,0.008573388203017826
MUL2423.json,1,history,restaurant.food,1,1,0.9074074074074074,0.008573388203017826
MUL2423.json,1,history,restaurant.pricerange,1,1,0.9074074074074074,0.008573388203017826
MUL2427.json,0,extract,attraction.area,0,0,0.0,0.0
MUL2427.json,0,extract,attraction.type,0,0,0.0,0.0
MUL2427.json,0,extract,restaurant.area,1,1,0.9655172413793104,0.0011890606420927438
MUL2427.json,0,extract,restaurant.food,0,0,0.0,0.0
MUL2427.json,0,extract,restaurant.pricerange,0,0,0.0,0.0
MUL2427.json,0,memory,attraction.area,0,0,0.0,0.0
MUL2427.json,0,memory,attraction.type,0,0,0.0,0.0
MUL2427.json,0,memory,restaurant.area,1,1,0.9354838709677419,0.004162330905306979
MUL2427.json,0,memory,restaurant.food,1,1,0.9354838709677419,0.004162330905306979
MUL2427.json,0,memory,restaurant.pricerange,0,0,0.0,0.0
MUL2427.json,0,history,attraction.area,1,1,0.8962264150943396,0.010768956924172299
MUL2427.json,0,history,attraction.type,1,1,0.8962264150943396,0.010768956924172299
MUL2427.json,0,history,restaurant.area,1,1,0.9074074074074074,0.008573388203017826
MUL2427.json,0,history,restaurant.food,1,1,0.9074074074074074,0.008573388203017826
MUL2427.json,0,history,restaurant.pricerange,1,1,0.9074074074074074,0.008573388203017826
MUL2427.json,1,extract,attraction.area,0,0,0.0,0.0
MUL2427.json,1,extract,attraction.type,0,0,0.0,0.0
MUL2427.json,1,extract,restaurant.area,0,0,0.0,0.0
MUL2427.json,1,extract,restaurant.food,1,1,0.9655172413793104,0.0011890606420927438
MUL2427.json,1,extract,restaurant.pricerange,1,1,0.9655172413793104,0.0011890606420927438
MUL2427.json,1,memory,attraction.area,0,0,0.0,0.0
MUL2427.json,1,memory,attraction.type,0,0,0.0,0.0
MUL2427.json,1,memory,restaurant.area,0,0,0.0,0.0
MUL2427.json,1,memory,restaurant.food,1,1,0.9354838709677419,0.004162330905306979
MUL2427.json,1,memory,restaurant.pricerange,0,0,0.0,0.0
MUL2427.json,1,history,attraction.area,1,1,0.8962264150943396,0.010768956924172299
MUL2427.json,1,history,attraction.type,1,1,0.8962264150943396,0.010768956924172299
MUL2427.json,1,history,restaurant.area,1,1,0.9074074074074074,0.008573388203017826
MUL2427.json,1,history,restaurant.food,1,1,0.9074074074074074,0.008573388203017826
MUL2427.json,1,history,restaurant.pricerange,1,1,0.9074074074074074,0.008573388203017826
MUL2432.json,0,extract,attraction.area,1,1,0.896551724137931,0.010701545778834717
MUL2432.json,0,extract,attraction.type,0,0,0.0,0.0
MUL2432.json,0,extract,restaurant.area,0,0,0.0,0.0
MUL2432.json,0,extract,restaurant.food,0,0,0.0,0.0
MUL2432.json,0,extract,restaurant.pricerange,0,0,0.0,0.0
MUL2432.json,0,memory,attraction.area,0,0,0.0,0.0
MUL2432.json,0,memory,attraction.type,0,0,0.0,0.0
MUL2432.json,0,memory,restaurant.area,1,1,0.9354838709677419,0.004162330905306979
MUL2432.json,0,memory,restaurant.food,0,0,0.0,0.0
MUL2432.json,0,memory,restaurant.pricerange,0,0,0.0,0.0
MUL2432.json,0,history,attraction.area,1,1,0.8962264150943396,0.010768956924172299
MUL2432.json,0,history,attraction.type,1,1,0.8962264150943396,0.010768956924172299
MUL2432.json,0,history,restaurant.area,1,1,0.9074074074074074,0.008573388203017826
MUL2432.json,0,history,restaurant.food,1,1,0.9074074074074074,0.008573388203017826
MUL2432.json,0,history,restaurant.pricerange,1,1,0.9074074074074074,0.008573388203017826
MUL2432.json,1,extract,attraction.area,1,1,0.896551724137931,0.010701545778834717
MUL2432.json,1,extract,attraction.type,0,0,0.0,0.0
MUL2432.json,1,extract,restaurant.area,0,0,0.0,0.0
MUL2432.json,1,extract,restaurant.food,0,0,0.0,0.0
MUL2432.json,1,extract,restaurant.pricerange,0,0,0.0,0.0
MUL2432.json,1,memory,attraction.area,0,0,0.0,0.0
MUL2432.json,1,memory,attraction.type,0,0,0.0,0.0
MUL2432.json,1,memory,restaurant.area,1,1,0.9354838709677419,0.004162330905306979
MUL2432.json,1,memory,restaurant.food,0,0,0.0,0.0
MUL2432.json,1,memory,restaurant.pricerange,0,0,0.0,0.0
MUL2432.json,1,history,attraction.area,1,1,0.8962264150943396,0.010768956924172299
MUL2432.json,1,history,attraction.type,1,1,0.8962264150943396,0.010768956924172299
MUL2432.json,1,history,restaurant.area,1,1,0.9074074074074074,0.008573388203017826
MUL2432.json,1,history,restaurant.food,1,1,0.9074074074074074,0.008573388203017826
MUL2432.json,1,history,restaurant.pricerange,1,1,0.9074074074074074,0.008573388203017826
MUL2439.json,0,extract,attraction.area,1,1,0.896551724137931,0.010701545778834717
MUL2439.json,0,extract,attraction.type,0,0,0.0,0.0
MUL2439.json,0,extract,restaurant.food,1,1,0.9655172413793104,0.0011890606420927438
MUL2439.json,0,extract,restaurant.pricerange,1,1,0.9655172413793104,0.0011890606420927438
MUL2439.json,0,memory,attraction.area,1,1,0.863013698630137,0.01876524676299493
MUL2439.json,0,memory,attraction.type,0,0,0.0,0.0
MUL2439.json,0,memory,restaurant.food,1,1,0.9354838709677419,0.004162330905306979
MUL2439.json,0,memory,restaurant.pricerange,1,1,0.9354838709677419,0.004162330905306979
MUL2439.json,0,history,attraction.area,1,1,0.8962264150943396,0.010768956924172299
MUL2439.json,0,history,attraction.type,1,1,0.8962264150943396,0.010768956924172299
MUL2439.json,0,history,restaurant.food,1,1,0.9074074074074074,0.008573388203017826
MUL2439.json,0,history,restaurant.pricerange,1,1,0.9074074074074074,0.008573388203017826
MUL2439.json,1,extract,attraction.area,1,1,0.896551724137931,0.010701545778834717
MUL2439.json,1,extract,attraction.type,0,0,0.0,0.0
MUL2439.json,1,extract,restaurant.food,1,1,0.9655172413793104,0.0011890606420927438
MUL2439.json,1,extract,restaurant.pricerange,1,1,0.9655172413793104,0.0011890606420927438
MUL2439.json,1,memory,attraction.area,0,0,0.0,0.0
MUL2439.json,1,memory,attraction.type,0,0,0.0,0.0
MUL2439.json,1,memory,restaurant.food,1,1,0.9354838709677419,0.004162330905306979
MUL2439.json,1,memory,restaurant.pricerange,1,1,0.9354838709677419,0.004162330905306979
MUL2439.json,1,history,attraction.area,1,1,0.8962264150943396,0.010768956924172299
MUL2439.json,1,history,attraction.type,1,1,0.8962264150943396,0.010768956924172299
MUL2439.json,1,history,restaurant.food,1,1,0.9074074074074074,0.008573388203017826
MUL2439.json,1,history,restaurant.pricerange,1,1,0.9074074074074074,0.008573388203017826
MUL2442.json,0,extract,attraction.area,1,1,0.896551724137931,0.010701545778834717
MUL2442.json,0,extract,attraction.type,1,1,0.896551724137931,0.010701545778834717
MUL2442.json,0,extract,restaurant.food,0,0,0.0,0.0
MUL2442.json,0,extract,restaurant.pricerange,0,0,0.0,0.0
MUL2442.json,0,memory,attraction.area,1,1,0.863013698630137,0.01876524676299493
MUL2442.json,0,memory,attraction.type,1,1,0.863013698630137,0.01876524676299493
MUL2442.json,0,memory,restaurant.food,0,0,0.0,0.0
MUL2442.json,0,memory,restaurant.pricerange,0,0,0.0,0.0
MUL2442.json,0,history,attraction.area,1,1,0.8962264150943396,0.010768956924172299
MUL2442.json,0,history,attraction.type,1,1,0.8962264150943396,0.010768956924172299
MUL2442.json,0,history,restaurant.food,1,1,0.9074074074074074,0.008573388203017826
MUL2442.json,0,history,restaurant.pricerange,1,1,0.9074074074074074,0.008573388203017826
MUL2442.json,1,extract,attraction.area,1,1,0.896551724137931,0.010701545778834717
MUL2442.json,1,extract,attraction.type,1,1,0.896551724137931,0.010701545778834717
MUL2442.json,1,extract,restaurant.food,0,0,0.0,0.0
MUL2442.json,1,extract,restaurant.pricerange,0,0,0.0,0.0
MUL2442.json,1,memory,attraction.area,1,1,0.863013698630137,0.01876524676299493
MUL2442.json,1,memory,attraction.type,1,1,0.863013698630137,0.01876524676299493
MUL2442.json,1,memory,restaurant.food,0,0,0.0,0.0
MUL2442.json,1,memory,restaurant.pricerange,0,0,0.0,0.0
MUL2442.json,1,history,attraction.area,1,1,0.8962264150943396,0.010768956924172299
MUL2442.json,1,history,attraction.type,1,1,0.8962264150943396,0.010768956924172299
MUL2442.json,1,history,restaurant.food,1,1,0.9074074074074074,0.008573388203017826
MUL2442.json,1,history,restaurant.pricerange,1,1,0.9074074074074074,0.008573388203017826
MUL2457.json,0,extract,attraction.area,0,0,0.0,0.0
MUL2457.json,0,extract,attraction.type,0,0,0.0,0.0
MUL2457.json,0,extract,restaurant.area,0,0,0.0,0.0
MUL2457.json,0,extract,restaurant.pricerange,0,0,0.0,0.0
MUL2457.json,0,memory,attraction.area,0,0,0.0,0.0
MUL2457.json,0,memory,attraction.type,0,0,0.0,0.0
MUL2457.json,0,memory,restaurant.area,0,0,0.0,0.0
MUL2457.json,0,memory,restaurant.pricerange,0,0,0.0,0.0
MUL2457.json,0,history,attraction.area,1,1,0.8962264150943396,0.010768956924172299
MUL2457.json,0,history,attraction.type,1,1,0.8962264150943396,0.010768956924172299
MUL2457.json,0,history,restaurant.area,1,1,0.9074074074074074,0.008573388203017826
MUL2457.json,0,history,restaurant.pricerange,1,1,0.9074074074074074,0.008573388203017826
MUL2457.json,1,extract,attraction.area,0,0,0.0,0.0
MUL2457.json,1,extract,attraction.type,0,0,0.0,0.0
MUL2457.json,1,extract,restaurant.area,0,0,0.0,0.0
MUL2457.json,1,extract,restaurant.pricerange,0,0,0.0,0.0
MUL2457.json,1,memory,attraction.area,0,0,0.0,0.0
MUL2457.json,1,memory,attraction.type,0,0,0.0,0.0
MUL2457.json,1,memory,restaurant.area,0,0,0.0,0.0
MUL2457.json,1,memory,restaurant.pricerange,0,0,0.0,0.0
MUL2457.json,1,history,attraction.area,1,1,0.8962264150943396,0.010768956924172299
MUL2457.json,1,history,attraction.type,1,1,0.8962264150943396,0.010768956924172299
MUL2457.json,1,history,restaurant.area,1,1,0.9074074074074074,0.008573388203017826
MUL2457.json,1,history,restaurant.pricerange,1,1,0.9074074074074074,0.008573388203017826
MUL2466.json,0,extract,attraction.area,0,0,0.0,0.0
MUL2466.json,0,extract,restaurant.area,1,1,0.9655172413793104,0.0011890606420927438
MUL2466.json,0,extract,restaurant.pricerange,1,1,0.9655172413793104,0.0011890606420927438
MUL2466.json,0,memory,attraction.area,0,0,0.0,0.0
MUL2466.json,0,memory,restaurant.area,1,1,0.9354838709677419,0.004162330905306979
MUL2466.json,0,memory,restaurant.pricerange,1,1,0.9354838709677419,0.004162330905306979
MUL2466.json,0,history,attraction.area,0,0,0.0,0.0
MUL2466.json,0,history,restaurant.area,1,1,0.9074074074074074,0.008573388203017826
MUL2466.json,0,history,restaurant.pricerange,1,1,0.9074074074074074,0.008573388203017826
MUL2466.json,1,extract,attraction.area,0,0,0.0,0.0
MUL2466.json,1,extract,restaurant.area,1,1,0.9655172413793104,0.0011890606420927438
MUL2466.json,1,extract,restaurant.pricerange,1,1,0.9655172413793104,0.0011890606420927438
MUL2466.json,1,memory,attraction.area,0,0,0.0,0.0
MUL2466.json,1,memory,restaurant.area,1,1,0.9354838709677419,0.004162330905306979
MUL2466.json,1,memory,restaurant.pricerange,1,1,0.9354838709677419,0.004162330905306979
MUL2466.json,1,history,attraction.area,1,1,0.8962264150943396,0.010768956924172299
MUL2466.json,1,history,restaurant.area,1,1,0.9074074074074074,0.008573388203017826
MUL2466.json,1,history,restaurant.pricerange,1,1,0.9074074074074074,0.008573388203017826
