condition_id,policy,dominated_by
core_low_0_6_ideal,no_review,
core_low_0_6_ideal,fifo,
core_low_0_6_ideal,edf,
core_low_0_6_ideal,greedy,
core_low_0_6_ideal,density,
core_low_0_6_ideal,fixed_window,fifo;edf;greedy;density;unguarded;sticky_edf;allocation;guarded
core_low_0_6_ideal,unguarded,
core_low_0_6_ideal,sticky_edf,
core_low_0_6_ideal,allocation,
core_low_0_6_ideal,guarded,
core_low_0_6_model,no_review,
core_low_0_6_model,fifo,
core_low_0_6_model,edf,
core_low_0_6_model,greedy,
core_low_0_6_model,density,
core_low_0_6_model,fixed_window,
core_low_0_6_model,unguarded,
core_low_0_6_model,sticky_edf,
core_low_0_6_model,allocation,
core_low_0_6_model,guarded,
core_low_0_6_model_risk,no_review,
core_low_0_6_model_risk,fifo,no_review
core_low_0_6_model_risk,edf,no_review
core_low_0_6_model_risk,greedy,no_review
core_low_0_6_model_risk,density,no_review
core_low_0_6_model_risk,fixed_window,no_review
core_low_0_6_model_risk,unguarded,no_review
core_low_0_6_model_risk,sticky_edf,no_review
core_low_0_6_model_risk,allocation,no_review
core_low_0_6_model_risk,guarded,no_review
core_low_0_12_ideal,no_review,
core_low_0_12_ideal,fifo,
core_low_0_12_ideal,edf,
core_low_0_12_ideal,greedy,
core_low_0_12_ideal,density,
core_low_0_12_ideal,fixed_window,
core_low_0_12_ideal,unguarded,
core_low_0_12_ideal,sticky_edf,
core_low_0_12_ideal,allocation,
core_low_0_12_ideal,guarded,
core_low_0_12_model,no_review,
core_low_0_12_model,fifo,
core_low_0_12_model,edf,
core_low_0_12_model,greedy,
core_low_0_12_model,density,
core_low_0_12_model,fixed_window,
core_low_0_12_model,unguarded,
core_low_0_12_model,sticky_edf,
core_low_0_12_model,allocation,
core_low_0_12_model,guarded,
core_low_0_12_model_risk,no_review,
core_low_0_12_model_risk,fifo,no_review;fixed_window
core_low_0_12_model_risk,edf,no_review;fixed_window
core_low_0_12_model_risk,greedy,no_review;fixed_window
core_low_0_12_model_risk,density,no_review;fixed_window
core_low_0_12_model_risk,fixed_window,no_review
core_low_0_12_model_risk,unguarded,no_review;fixed_window
core_low_0_12_model_risk,sticky_edf,no_review;fixed_window
core_low_0_12_model_risk,allocation,no_review;fixed_window
core_low_0_12_model_risk,guarded,no_review;fixed_window
core_low_0_24_ideal,no_review,
core_low_0_24_ideal,fifo,
core_low_0_24_ideal,edf,
core_low_0_24_ideal,greedy,
core_low_0_24_ideal,density,
core_low_0_24_ideal,fixed_window,
core_low_0_24_ideal,unguarded,
core_low_0_24_ideal,sticky_edf,
core_low_0_24_ideal,allocation,
core_low_0_24_ideal,guarded,
core_low_0_24_model,no_review,
core_low_0_24_model,fifo,
core_low_0_24_model,edf,
core_low_0_24_model,greedy,
core_low_0_24_model,density,
core_low_0_24_model,fixed_window,
core_low_0_24_model,unguarded,
core_low_0_24_model,sticky_edf,
core_low_0_24_model,allocation,
core_low_0_24_model,guarded,
core_low_0_24_model_risk,no_review,
core_low_0_24_model_risk,fifo,no_review;fixed_window
core_low_0_24_model_risk,edf,no_review;fixed_window
core_low_0_24_model_risk,greedy,no_review;fixed_window
core_low_0_24_model_risk,density,no_review;fixed_window
core_low_0_24_model_risk,fixed_window,no_review
core_low_0_24_model_risk,unguarded,no_review;fixed_window
core_low_0_24_model_risk,sticky_edf,no_review;fixed_window
core_low_0_24_model_risk,allocation,no_review;fixed_window
core_low_0_24_model_risk,guarded,no_review;fixed_window
core_low_0.25_6_ideal,no_review,
core_low_0.25_6_ideal,fifo,
core_low_0.25_6_ideal,edf,greedy;density;unguarded;allocation
core_low_0.25_6_ideal,greedy,density;unguarded;allocation
core_low_0.25_6_ideal,density,
core_low_0.25_6_ideal,fixed_window,
core_low_0.25_6_ideal,unguarded,
core_low_0.25_6_ideal,sticky_edf,greedy;density;unguarded;allocation
core_low_0.25_6_ideal,allocation,
core_low_0.25_6_ideal,guarded,edf;greedy;density;unguarded;sticky_edf;allocation
core_low_0.25_6_model,no_review,
core_low_0.25_6_model,fifo,
core_low_0.25_6_model,edf,
core_low_0.25_6_model,greedy,
core_low_0.25_6_model,density,
core_low_0.25_6_model,fixed_window,
core_low_0.25_6_model,unguarded,
core_low_0.25_6_model,sticky_edf,
core_low_0.25_6_model,allocation,
core_low_0.25_6_model,guarded,
core_low_0.25_6_model_risk,no_review,
core_low_0.25_6_model_risk,fifo,no_review
core_low_0.25_6_model_risk,edf,no_review;greedy;density;unguarded;allocation
core_low_0.25_6_model_risk,greedy,no_review;density;unguarded
core_low_0.25_6_model_risk,density,no_review
core_low_0.25_6_model_risk,fixed_window,no_review
core_low_0.25_6_model_risk,unguarded,no_review
core_low_0.25_6_model_risk,sticky_edf,no_review;greedy;density;unguarded;allocation
core_low_0.25_6_model_risk,allocation,no_review;density;unguarded
core_low_0.25_6_model_risk,guarded,no_review;edf;greedy;density;unguarded;sticky_edf;allocation
core_low_0.25_12_ideal,no_review,
core_low_0.25_12_ideal,fifo,edf;greedy;density;unguarded;sticky_edf;allocation;guarded
core_low_0.25_12_ideal,edf,sticky_edf;allocation;guarded
core_low_0.25_12_ideal,greedy,density;unguarded;sticky_edf;guarded
core_low_0.25_12_ideal,density,sticky_edf;guarded
core_low_0.25_12_ideal,fixed_window,edf;greedy;density;unguarded;sticky_edf;allocation;guarded
core_low_0.25_12_ideal,unguarded,sticky_edf;guarded
core_low_0.25_12_ideal,sticky_edf,
core_low_0.25_12_ideal,allocation,sticky_edf;guarded
core_low_0.25_12_ideal,guarded,sticky_edf
core_low_0.25_12_model,no_review,
core_low_0.25_12_model,fifo,
core_low_0.25_12_model,edf,
core_low_0.25_12_model,greedy,
core_low_0.25_12_model,density,
core_low_0.25_12_model,fixed_window,
core_low_0.25_12_model,unguarded,
core_low_0.25_12_model,sticky_edf,
core_low_0.25_12_model,allocation,
core_low_0.25_12_model,guarded,
core_low_0.25_12_model_risk,no_review,
core_low_0.25_12_model_risk,fifo,no_review;edf;greedy;density;unguarded;sticky_edf;allocation;guarded
core_low_0.25_12_model_risk,edf,no_review;greedy;density;unguarded;sticky_edf;allocation;guarded
core_low_0.25_12_model_risk,greedy,no_review;density;unguarded;sticky_edf;guarded
core_low_0.25_12_model_risk,density,no_review;sticky_edf
core_low_0.25_12_model_risk,fixed_window,no_review;edf;greedy;density;unguarded;sticky_edf;allocation;guarded
core_low_0.25_12_model_risk,unguarded,no_review;sticky_edf
core_low_0.25_12_model_risk,sticky_edf,no_review
core_low_0.25_12_model_risk,allocation,no_review;greedy;density;unguarded;sticky_edf;guarded
core_low_0.25_12_model_risk,guarded,no_review;sticky_edf
core_low_0.25_24_ideal,no_review,
core_low_0.25_24_ideal,fifo,
core_low_0.25_24_ideal,edf,sticky_edf;guarded
core_low_0.25_24_ideal,greedy,density;unguarded
core_low_0.25_24_ideal,density,
core_low_0.25_24_ideal,fixed_window,
core_low_0.25_24_ideal,unguarded,
core_low_0.25_24_ideal,sticky_edf,
core_low_0.25_24_ideal,allocation,sticky_edf;guarded
core_low_0.25_24_ideal,guarded,sticky_edf
core_low_0.25_24_model,no_review,
core_low_0.25_24_model,fifo,
core_low_0.25_24_model,edf,
core_low_0.25_24_model,greedy,
core_low_0.25_24_model,density,
core_low_0.25_24_model,fixed_window,
core_low_0.25_24_model,unguarded,
core_low_0.25_24_model,sticky_edf,
core_low_0.25_24_model,allocation,
core_low_0.25_24_model,guarded,
core_low_0.25_24_model_risk,no_review,
core_low_0.25_24_model_risk,fifo,no_review
core_low_0.25_24_model_risk,edf,no_review;fifo;greedy;density;fixed_window;unguarded;sticky_edf;guarded
core_low_0.25_24_model_risk,greedy,no_review;fifo;density;fixed_window;unguarded
core_low_0.25_24_model_risk,density,no_review;fifo;fixed_window
core_low_0.25_24_model_risk,fixed_window,no_review
core_low_0.25_24_model_risk,unguarded,no_review;fifo;fixed_window
core_low_0.25_24_model_risk,sticky_edf,no_review;fifo;greedy;density;fixed_window;unguarded
core_low_0.25_24_model_risk,allocation,no_review;fifo;greedy;density;fixed_window;unguarded;sticky_edf;guarded
core_low_0.25_24_model_risk,guarded,no_review;fifo;greedy;density;fixed_window;unguarded;sticky_edf
core_low_1_6_ideal,no_review,
core_low_1_6_ideal,fifo,edf;greedy;density;unguarded;sticky_edf;allocation;guarded
core_low_1_6_ideal,edf,
core_low_1_6_ideal,greedy,edf;sticky_edf;allocation;guarded
core_low_1_6_ideal,density,edf;sticky_edf;allocation;guarded
core_low_1_6_ideal,fixed_window,edf;greedy;density;unguarded;sticky_edf;allocation;guarded
core_low_1_6_ideal,unguarded,edf;sticky_edf;allocation;guarded
core_low_1_6_ideal,sticky_edf,
core_low_1_6_ideal,allocation,
core_low_1_6_ideal,guarded,
core_low_1_6_model,no_review,
core_low_1_6_model,fifo,
core_low_1_6_model,edf,
core_low_1_6_model,greedy,
core_low_1_6_model,density,
core_low_1_6_model,fixed_window,
core_low_1_6_model,unguarded,
core_low_1_6_model,sticky_edf,
core_low_1_6_model,allocation,
core_low_1_6_model,guarded,
core_low_1_6_model_risk,no_review,
core_low_1_6_model_risk,fifo,no_review;edf;greedy;density;unguarded;sticky_edf;allocation;guarded
core_low_1_6_model_risk,edf,
core_low_1_6_model_risk,greedy,
core_low_1_6_model_risk,density,
core_low_1_6_model_risk,fixed_window,no_review;edf;greedy;density;unguarded;sticky_edf;allocation;guarded
core_low_1_6_model_risk,unguarded,
core_low_1_6_model_risk,sticky_edf,
core_low_1_6_model_risk,allocation,
core_low_1_6_model_risk,guarded,
core_low_1_12_ideal,no_review,
core_low_1_12_ideal,fifo,greedy;density;unguarded;allocation
core_low_1_12_ideal,edf,greedy;density;unguarded;sticky_edf;allocation;guarded
core_low_1_12_ideal,greedy,
core_low_1_12_ideal,density,
core_low_1_12_ideal,fixed_window,
core_low_1_12_ideal,unguarded,
core_low_1_12_ideal,sticky_edf,greedy;density;unguarded;allocation
core_low_1_12_ideal,allocation,greedy;density;unguarded
core_low_1_12_ideal,guarded,greedy;density;unguarded;allocation
core_low_1_12_model,no_review,
core_low_1_12_model,fifo,
core_low_1_12_model,edf,
core_low_1_12_model,greedy,
core_low_1_12_model,density,
core_low_1_12_model,fixed_window,
core_low_1_12_model,unguarded,
core_low_1_12_model,sticky_edf,
core_low_1_12_model,allocation,
core_low_1_12_model,guarded,
core_low_1_12_model_risk,no_review,
core_low_1_12_model_risk,fifo,no_review;greedy;density;fixed_window;unguarded;allocation
core_low_1_12_model_risk,edf,no_review;fifo;greedy;density;fixed_window;unguarded;sticky_edf;allocation;guarded
core_low_1_12_model_risk,greedy,no_review
core_low_1_12_model_risk,density,no_review;fixed_window
core_low_1_12_model_risk,fixed_window,no_review
core_low_1_12_model_risk,unguarded,no_review;fixed_window
core_low_1_12_model_risk,sticky_edf,no_review;fifo;greedy;density;fixed_window;unguarded;allocation
core_low_1_12_model_risk,allocation,no_review
core_low_1_12_model_risk,guarded,no_review;fifo;greedy;density;fixed_window;unguarded;allocation
core_low_1_24_ideal,no_review,
core_low_1_24_ideal,fifo,greedy;density;unguarded
core_low_1_24_ideal,edf,sticky_edf;guarded
core_low_1_24_ideal,greedy,density;unguarded
core_low_1_24_ideal,density,
core_low_1_24_ideal,fixed_window,
core_low_1_24_ideal,unguarded,
core_low_1_24_ideal,sticky_edf,
core_low_1_24_ideal,allocation,sticky_edf;guarded
core_low_1_24_ideal,guarded,
core_low_1_24_model,no_review,
core_low_1_24_model,fifo,
core_low_1_24_model,edf,
core_low_1_24_model,greedy,
core_low_1_24_model,density,
core_low_1_24_model,fixed_window,
core_low_1_24_model,unguarded,
core_low_1_24_model,sticky_edf,
core_low_1_24_model,allocation,
core_low_1_24_model,guarded,
core_low_1_24_model_risk,no_review,
core_low_1_24_model_risk,fifo,no_review;greedy;density;fixed_window;unguarded
core_low_1_24_model_risk,edf,no_review;fifo;greedy;density;fixed_window;unguarded;sticky_edf;guarded
core_low_1_24_model_risk,greedy,no_review;density;fixed_window;unguarded
core_low_1_24_model_risk,density,no_review;fixed_window
core_low_1_24_model_risk,fixed_window,no_review
core_low_1_24_model_risk,unguarded,no_review;fixed_window
core_low_1_24_model_risk,sticky_edf,no_review;fifo;greedy;density;fixed_window;unguarded;guarded
core_low_1_24_model_risk,allocation,no_review;fifo;greedy;density;fixed_window;unguarded;sticky_edf;guarded
core_low_1_24_model_risk,guarded,no_review;fifo;greedy;density;fixed_window;unguarded
core_high_0_6_ideal,no_review,
core_high_0_6_ideal,fifo,greedy;density;unguarded;allocation;guarded
core_high_0_6_ideal,edf,greedy;density;unguarded;allocation;guarded
core_high_0_6_ideal,greedy,
core_high_0_6_ideal,density,
core_high_0_6_ideal,fixed_window,
core_high_0_6_ideal,unguarded,greedy;density;allocation
core_high_0_6_ideal,sticky_edf,greedy;density;unguarded;allocation;guarded
core_high_0_6_ideal,allocation,
core_high_0_6_ideal,guarded,greedy;density;unguarded;allocation
core_high_0_6_model,no_review,
core_high_0_6_model,fifo,
core_high_0_6_model,edf,
core_high_0_6_model,greedy,
core_high_0_6_model,density,
core_high_0_6_model,fixed_window,
core_high_0_6_model,unguarded,
core_high_0_6_model,sticky_edf,
core_high_0_6_model,allocation,
core_high_0_6_model,guarded,
core_high_0_6_model_risk,no_review,
core_high_0_6_model_risk,fifo,no_review;greedy;density;guarded
core_high_0_6_model_risk,edf,no_review;fifo;greedy;density;fixed_window;unguarded;guarded
core_high_0_6_model_risk,greedy,no_review
core_high_0_6_model_risk,density,no_review
core_high_0_6_model_risk,fixed_window,no_review
core_high_0_6_model_risk,unguarded,no_review;greedy;density;guarded
core_high_0_6_model_risk,sticky_edf,no_review;fifo;greedy;density;fixed_window;unguarded;guarded
core_high_0_6_model_risk,allocation,no_review;fifo;greedy;density;fixed_window;unguarded;guarded
core_high_0_6_model_risk,guarded,no_review
core_high_0_12_ideal,no_review,
core_high_0_12_ideal,fifo,
core_high_0_12_ideal,edf,
core_high_0_12_ideal,greedy,
core_high_0_12_ideal,density,
core_high_0_12_ideal,fixed_window,
core_high_0_12_ideal,unguarded,
core_high_0_12_ideal,sticky_edf,
core_high_0_12_ideal,allocation,
core_high_0_12_ideal,guarded,edf;sticky_edf;allocation
core_high_0_12_model,no_review,
core_high_0_12_model,fifo,
core_high_0_12_model,edf,
core_high_0_12_model,greedy,
core_high_0_12_model,density,
core_high_0_12_model,fixed_window,
core_high_0_12_model,unguarded,
core_high_0_12_model,sticky_edf,
core_high_0_12_model,allocation,
core_high_0_12_model,guarded,
core_high_0_12_model_risk,no_review,
core_high_0_12_model_risk,fifo,no_review;fixed_window
core_high_0_12_model_risk,edf,no_review;fifo;greedy;density;fixed_window;unguarded
core_high_0_12_model_risk,greedy,no_review;fixed_window;unguarded
core_high_0_12_model_risk,density,no_review;fixed_window;unguarded
core_high_0_12_model_risk,fixed_window,no_review
core_high_0_12_model_risk,unguarded,no_review;fixed_window
core_high_0_12_model_risk,sticky_edf,no_review;fifo;greedy;density;fixed_window;unguarded
core_high_0_12_model_risk,allocation,no_review;fifo;greedy;density;fixed_window;unguarded
core_high_0_12_model_risk,guarded,no_review;fifo;edf;greedy;density;fixed_window;unguarded;sticky_edf;allocation
core_high_0_24_ideal,no_review,
core_high_0_24_ideal,fifo,
core_high_0_24_ideal,edf,
core_high_0_24_ideal,greedy,
core_high_0_24_ideal,density,
core_high_0_24_ideal,fixed_window,
core_high_0_24_ideal,unguarded,
core_high_0_24_ideal,sticky_edf,
core_high_0_24_ideal,allocation,
core_high_0_24_ideal,guarded,edf;sticky_edf;allocation
core_high_0_24_model,no_review,
core_high_0_24_model,fifo,
core_high_0_24_model,edf,
core_high_0_24_model,greedy,
core_high_0_24_model,density,
core_high_0_24_model,fixed_window,
core_high_0_24_model,unguarded,
core_high_0_24_model,sticky_edf,
core_high_0_24_model,allocation,
core_high_0_24_model,guarded,
core_high_0_24_model_risk,no_review,
core_high_0_24_model_risk,fifo,no_review;fixed_window
core_high_0_24_model_risk,edf,no_review;fifo;greedy;density;fixed_window;unguarded
core_high_0_24_model_risk,greedy,no_review;fixed_window;unguarded
core_high_0_24_model_risk,density,no_review;fixed_window;unguarded
core_high_0_24_model_risk,fixed_window,no_review
core_high_0_24_model_risk,unguarded,no_review;fixed_window
core_high_0_24_model_risk,sticky_edf,no_review;fifo;greedy;density;fixed_window;unguarded
core_high_0_24_model_risk,allocation,no_review;fifo;greedy;density;fixed_window;unguarded
core_high_0_24_model_risk,guarded,no_review;fifo;edf;greedy;density;fixed_window;unguarded;sticky_edf;allocation
core_high_0.25_6_ideal,no_review,
core_high_0.25_6_ideal,fifo,edf;greedy;density;fixed_window;unguarded;sticky_edf;allocation
core_high_0.25_6_ideal,edf,density;fixed_window;unguarded;sticky_edf
core_high_0.25_6_ideal,greedy,unguarded
core_high_0.25_6_ideal,density,unguarded
core_high_0.25_6_ideal,fixed_window,
core_high_0.25_6_ideal,unguarded,
core_high_0.25_6_ideal,sticky_edf,fixed_window;unguarded
core_high_0.25_6_ideal,allocation,
core_high_0.25_6_ideal,guarded,fixed_window;unguarded;sticky_edf
core_high_0.25_6_model,no_review,
core_high_0.25_6_model,fifo,
core_high_0.25_6_model,edf,
core_high_0.25_6_model,greedy,
core_high_0.25_6_model,density,
core_high_0.25_6_model,fixed_window,
core_high_0.25_6_model,unguarded,
core_high_0.25_6_model,sticky_edf,
core_high_0.25_6_model,allocation,
core_high_0.25_6_model,guarded,
core_high_0.25_6_model_risk,no_review,
core_high_0.25_6_model_risk,fifo,no_review;greedy;unguarded;allocation
core_high_0.25_6_model_risk,edf,no_review;fixed_window;unguarded;sticky_edf;guarded
core_high_0.25_6_model_risk,greedy,unguarded
core_high_0.25_6_model_risk,density,no_review;fixed_window;unguarded;sticky_edf;guarded
core_high_0.25_6_model_risk,fixed_window,no_review
core_high_0.25_6_model_risk,unguarded,
core_high_0.25_6_model_risk,sticky_edf,no_review;fixed_window;unguarded
core_high_0.25_6_model_risk,allocation,greedy;unguarded
core_high_0.25_6_model_risk,guarded,no_review;fixed_window;unguarded
core_high_0.25_12_ideal,no_review,
core_high_0.25_12_ideal,fifo,greedy;density;fixed_window;unguarded
core_high_0.25_12_ideal,edf,sticky_edf
core_high_0.25_12_ideal,greedy,
core_high_0.25_12_ideal,density,
core_high_0.25_12_ideal,fixed_window,density
core_high_0.25_12_ideal,unguarded,
core_high_0.25_12_ideal,sticky_edf,
core_high_0.25_12_ideal,allocation,edf;sticky_edf
core_high_0.25_12_ideal,guarded,
core_high_0.25_12_model,no_review,
core_high_0.25_12_model,fifo,
core_high_0.25_12_model,edf,
core_high_0.25_12_model,greedy,
core_high_0.25_12_model,density,
core_high_0.25_12_model,fixed_window,
core_high_0.25_12_model,unguarded,
core_high_0.25_12_model,sticky_edf,
core_high_0.25_12_model,allocation,
core_high_0.25_12_model,guarded,
core_high_0.25_12_model_risk,no_review,
core_high_0.25_12_model_risk,fifo,no_review;greedy;density;fixed_window;unguarded
core_high_0.25_12_model_risk,edf,no_review;fifo;greedy;density;fixed_window;unguarded;guarded
core_high_0.25_12_model_risk,greedy,no_review
core_high_0.25_12_model_risk,density,no_review
core_high_0.25_12_model_risk,fixed_window,no_review;density
core_high_0.25_12_model_risk,unguarded,no_review
core_high_0.25_12_model_risk,sticky_edf,no_review;fifo;edf;greedy;density;fixed_window;unguarded;guarded
core_high_0.25_12_model_risk,allocation,no_review;fifo;edf;greedy;density;fixed_window;unguarded;guarded
core_high_0.25_12_model_risk,guarded,no_review;fifo;greedy;density;fixed_window;unguarded
core_high_0.25_24_ideal,no_review,
core_high_0.25_24_ideal,fifo,greedy;density;fixed_window;unguarded
core_high_0.25_24_ideal,edf,sticky_edf
core_high_0.25_24_ideal,greedy,
core_high_0.25_24_ideal,density,
core_high_0.25_24_ideal,fixed_window,density
core_high_0.25_24_ideal,unguarded,
core_high_0.25_24_ideal,sticky_edf,
core_high_0.25_24_ideal,allocation,sticky_edf
core_high_0.25_24_ideal,guarded,
core_high_0.25_24_model,no_review,
core_high_0.25_24_model,fifo,
core_high_0.25_24_model,edf,
core_high_0.25_24_model,greedy,
core_high_0.25_24_model,density,
core_high_0.25_24_model,fixed_window,
core_high_0.25_24_model,unguarded,
core_high_0.25_24_model,sticky_edf,
core_high_0.25_24_model,allocation,
core_high_0.25_24_model,guarded,
core_high_0.25_24_model_risk,no_review,
core_high_0.25_24_model_risk,fifo,no_review;greedy;density;fixed_window;unguarded
core_high_0.25_24_model_risk,edf,no_review;fifo;greedy;density;fixed_window;unguarded;guarded
core_high_0.25_24_model_risk,greedy,no_review
core_high_0.25_24_model_risk,density,no_review
core_high_0.25_24_model_risk,fixed_window,no_review;density
core_high_0.25_24_model_risk,unguarded,no_review
core_high_0.25_24_model_risk,sticky_edf,no_review;fifo;edf;greedy;density;fixed_window;unguarded;allocation;guarded
core_high_0.25_24_model_risk,allocation,no_review;fifo;greedy;density;fixed_window;unguarded;guarded
core_high_0.25_24_model_risk,guarded,no_review;fifo;greedy;density;fixed_window;unguarded
core_high_1_6_ideal,no_review,
core_high_1_6_ideal,fifo,greedy;density;unguarded;allocation
core_high_1_6_ideal,edf,fifo;greedy;density;unguarded;allocation
core_high_1_6_ideal,greedy,density;unguarded
core_high_1_6_ideal,density,
core_high_1_6_ideal,fixed_window,density;unguarded
core_high_1_6_ideal,unguarded,
core_high_1_6_ideal,sticky_edf,fifo;greedy;density;unguarded;allocation
core_high_1_6_ideal,allocation,density;unguarded
core_high_1_6_ideal,guarded,fifo;greedy;density;unguarded;allocation
core_high_1_6_model,no_review,
core_high_1_6_model,fifo,
core_high_1_6_model,edf,
core_high_1_6_model,greedy,
core_high_1_6_model,density,
core_high_1_6_model,fixed_window,
core_high_1_6_model,unguarded,
core_high_1_6_model,sticky_edf,
core_high_1_6_model,allocation,
core_high_1_6_model,guarded,
core_high_1_6_model_risk,no_review,
core_high_1_6_model_risk,fifo,no_review;edf;greedy;density;unguarded;sticky_edf;allocation;guarded
core_high_1_6_model_risk,edf,no_review;greedy;density;unguarded;allocation
core_high_1_6_model_risk,greedy,density;unguarded;allocation
core_high_1_6_model_risk,density,
core_high_1_6_model_risk,fixed_window,no_review;density;unguarded
core_high_1_6_model_risk,unguarded,
core_high_1_6_model_risk,sticky_edf,no_review;greedy;density;unguarded;allocation
core_high_1_6_model_risk,allocation,
core_high_1_6_model_risk,guarded,no_review;greedy;density;unguarded;allocation
core_high_1_12_ideal,no_review,
core_high_1_12_ideal,fifo,greedy;density;unguarded
core_high_1_12_ideal,edf,density;unguarded;sticky_edf;allocation;guarded
core_high_1_12_ideal,greedy,density;unguarded
core_high_1_12_ideal,density,
core_high_1_12_ideal,fixed_window,
core_high_1_12_ideal,unguarded,
core_high_1_12_ideal,sticky_edf,
core_high_1_12_ideal,allocation,unguarded;sticky_edf;guarded
core_high_1_12_ideal,guarded,unguarded
core_high_1_12_model,no_review,
core_high_1_12_model,fifo,
core_high_1_12_model,edf,
core_high_1_12_model,greedy,
core_high_1_12_model,density,
core_high_1_12_model,fixed_window,
core_high_1_12_model,unguarded,
core_high_1_12_model,sticky_edf,
core_high_1_12_model,allocation,
core_high_1_12_model,guarded,
core_high_1_12_model_risk,no_review,
core_high_1_12_model_risk,fifo,no_review;greedy;density;fixed_window;unguarded
core_high_1_12_model_risk,edf,no_review;fifo;greedy;density;fixed_window;unguarded;sticky_edf;allocation;guarded
core_high_1_12_model_risk,greedy,no_review
core_high_1_12_model_risk,density,no_review;fixed_window
core_high_1_12_model_risk,fixed_window,no_review
core_high_1_12_model_risk,unguarded,no_review;density;fixed_window
core_high_1_12_model_risk,sticky_edf,no_review;greedy;density;fixed_window;unguarded;guarded
core_high_1_12_model_risk,allocation,no_review;greedy
core_high_1_12_model_risk,guarded,no_review;greedy;density;fixed_window;unguarded
core_high_1_24_ideal,no_review,
core_high_1_24_ideal,fifo,greedy;density;unguarded
core_high_1_24_ideal,edf,density;unguarded;sticky_edf;guarded
core_high_1_24_ideal,greedy,density;unguarded
core_high_1_24_ideal,density,
core_high_1_24_ideal,fixed_window,
core_high_1_24_ideal,unguarded,
core_high_1_24_ideal,sticky_edf,
core_high_1_24_ideal,allocation,density;unguarded;sticky_edf;guarded
core_high_1_24_ideal,guarded,unguarded
core_high_1_24_model,no_review,
core_high_1_24_model,fifo,
core_high_1_24_model,edf,
core_high_1_24_model,greedy,
core_high_1_24_model,density,
core_high_1_24_model,fixed_window,
core_high_1_24_model,unguarded,
core_high_1_24_model,sticky_edf,
core_high_1_24_model,allocation,
core_high_1_24_model,guarded,
core_high_1_24_model_risk,no_review,
core_high_1_24_model_risk,fifo,no_review;greedy;density;fixed_window;unguarded
core_high_1_24_model_risk,edf,no_review;fifo;greedy;density;fixed_window;unguarded;sticky_edf;guarded
core_high_1_24_model_risk,greedy,no_review
core_high_1_24_model_risk,density,no_review;fixed_window
core_high_1_24_model_risk,fixed_window,no_review
core_high_1_24_model_risk,unguarded,no_review;density;fixed_window
core_high_1_24_model_risk,sticky_edf,no_review;greedy;density;fixed_window;unguarded;guarded
core_high_1_24_model_risk,allocation,no_review;fifo;greedy;density;fixed_window;unguarded;sticky_edf;guarded
core_high_1_24_model_risk,guarded,no_review;greedy;density;fixed_window;unguarded
unrelated_ideal,no_review,
unrelated_ideal,fifo,greedy;density;unguarded
unrelated_ideal,edf,greedy;density;unguarded;allocation
unrelated_ideal,greedy,
unrelated_ideal,density,
unrelated_ideal,fixed_window,
unrelated_ideal,unguarded,
unrelated_ideal,sticky_edf,greedy;density;unguarded;allocation
unrelated_ideal,allocation,
unrelated_ideal,guarded,greedy;density;unguarded;allocation
imperfect_ideal,no_review,
imperfect_ideal,fifo,greedy;density;fixed_window;unguarded
imperfect_ideal,edf,density;unguarded;sticky_edf;allocation;guarded
imperfect_ideal,greedy,density;unguarded
imperfect_ideal,density,
imperfect_ideal,fixed_window,
imperfect_ideal,unguarded,
imperfect_ideal,sticky_edf,
imperfect_ideal,allocation,sticky_edf;guarded
imperfect_ideal,guarded,sticky_edf
no_reuse_ideal,no_review,
no_reuse_ideal,fifo,greedy;density;unguarded
no_reuse_ideal,edf,greedy;density;unguarded
no_reuse_ideal,greedy,density;unguarded
no_reuse_ideal,density,
no_reuse_ideal,fixed_window,
no_reuse_ideal,unguarded,
no_reuse_ideal,sticky_edf,greedy;density;unguarded
no_reuse_ideal,allocation,
no_reuse_ideal,guarded,edf;greedy;density;unguarded;sticky_edf
complex_groups_ideal,no_review,
complex_groups_ideal,fifo,greedy;density;unguarded
complex_groups_ideal,edf,density;unguarded;sticky_edf;allocation;guarded
complex_groups_ideal,greedy,density;unguarded
complex_groups_ideal,density,
complex_groups_ideal,fixed_window,
complex_groups_ideal,unguarded,
complex_groups_ideal,sticky_edf,
complex_groups_ideal,allocation,sticky_edf;guarded
complex_groups_ideal,guarded,
slow_decisions_ideal,no_review,
slow_decisions_ideal,fifo,edf;density;unguarded;sticky_edf
slow_decisions_ideal,edf,density;unguarded
slow_decisions_ideal,greedy,density;unguarded
slow_decisions_ideal,density,
slow_decisions_ideal,fixed_window,
slow_decisions_ideal,unguarded,
slow_decisions_ideal,sticky_edf,density;unguarded
slow_decisions_ideal,allocation,density;unguarded
slow_decisions_ideal,guarded,edf;density;unguarded;sticky_edf
singleton_ideal,no_review,
singleton_ideal,fifo,greedy;density;unguarded
singleton_ideal,edf,density;unguarded;sticky_edf;allocation;guarded
singleton_ideal,greedy,density;unguarded
singleton_ideal,density,
singleton_ideal,fixed_window,
singleton_ideal,unguarded,
singleton_ideal,sticky_edf,
singleton_ideal,allocation,sticky_edf;guarded
singleton_ideal,guarded,
no_reconsider_ideal,no_review,
no_reconsider_ideal,fifo,greedy;density;unguarded
no_reconsider_ideal,edf,density;unguarded;sticky_edf;allocation;guarded
no_reconsider_ideal,greedy,density;unguarded
no_reconsider_ideal,density,
no_reconsider_ideal,fixed_window,
no_reconsider_ideal,unguarded,
no_reconsider_ideal,sticky_edf,
no_reconsider_ideal,allocation,unguarded;sticky_edf;guarded
no_reconsider_ideal,guarded,unguarded
unrelated_model,no_review,
unrelated_model,fifo,
unrelated_model,edf,
unrelated_model,greedy,
unrelated_model,density,
unrelated_model,fixed_window,
unrelated_model,unguarded,
unrelated_model,sticky_edf,
unrelated_model,allocation,
unrelated_model,guarded,
imperfect_model,no_review,
imperfect_model,fifo,
imperfect_model,edf,
imperfect_model,greedy,
imperfect_model,density,
imperfect_model,fixed_window,
imperfect_model,unguarded,
imperfect_model,sticky_edf,
imperfect_model,allocation,
imperfect_model,guarded,
no_reuse_model,no_review,
no_reuse_model,fifo,
no_reuse_model,edf,
no_reuse_model,greedy,
no_reuse_model,density,
no_reuse_model,fixed_window,
no_reuse_model,unguarded,
no_reuse_model,sticky_edf,
no_reuse_model,allocation,
no_reuse_model,guarded,
complex_groups_model,no_review,
complex_groups_model,fifo,
complex_groups_model,edf,
complex_groups_model,greedy,
complex_groups_model,density,
complex_groups_model,fixed_window,
complex_groups_model,unguarded,
complex_groups_model,sticky_edf,
complex_groups_model,allocation,
complex_groups_model,guarded,
slow_decisions_model,no_review,
slow_decisions_model,fifo,
slow_decisions_model,edf,
slow_decisions_model,greedy,
slow_decisions_model,density,
slow_decisions_model,fixed_window,
slow_decisions_model,unguarded,
slow_decisions_model,sticky_edf,
slow_decisions_model,allocation,
slow_decisions_model,guarded,
singleton_model,no_review,
singleton_model,fifo,
singleton_model,edf,
singleton_model,greedy,
singleton_model,density,
singleton_model,fixed_window,
singleton_model,unguarded,
singleton_model,sticky_edf,
singleton_model,allocation,
singleton_model,guarded,
no_reconsider_model,no_review,
no_reconsider_model,fifo,
no_reconsider_model,edf,
no_reconsider_model,greedy,
no_reconsider_model,density,
no_reconsider_model,fixed_window,
no_reconsider_model,unguarded,
no_reconsider_model,sticky_edf,
no_reconsider_model,allocation,
no_reconsider_model,guarded,
unrelated_model_risk,no_review,
unrelated_model_risk,fifo,no_review;greedy;density;fixed_window;unguarded
unrelated_model_risk,edf,no_review;greedy;density;fixed_window;unguarded;allocation
unrelated_model_risk,greedy,no_review
unrelated_model_risk,density,no_review
unrelated_model_risk,fixed_window,no_review
unrelated_model_risk,unguarded,no_review
unrelated_model_risk,sticky_edf,no_review;greedy;density;fixed_window;unguarded;allocation
unrelated_model_risk,allocation,no_review;greedy;density;unguarded
unrelated_model_risk,guarded,no_review;greedy;density;fixed_window;unguarded;allocation
imperfect_model_risk,no_review,
imperfect_model_risk,fifo,no_review;greedy;density;fixed_window;unguarded
imperfect_model_risk,edf,no_review;fifo;greedy;density;fixed_window;unguarded;sticky_edf;allocation;guarded
imperfect_model_risk,greedy,no_review
imperfect_model_risk,density,no_review;fixed_window
imperfect_model_risk,fixed_window,no_review
imperfect_model_risk,unguarded,no_review;fixed_window
imperfect_model_risk,sticky_edf,no_review;greedy;density;fixed_window;unguarded
imperfect_model_risk,allocation,no_review;greedy
imperfect_model_risk,guarded,no_review;greedy;density;fixed_window;unguarded;sticky_edf;allocation
no_reuse_model_risk,no_review,
no_reuse_model_risk,fifo,no_review;greedy;density;fixed_window;unguarded
no_reuse_model_risk,edf,no_review;greedy;density;fixed_window;unguarded
no_reuse_model_risk,greedy,no_review;density;unguarded
no_reuse_model_risk,density,no_review
no_reuse_model_risk,fixed_window,no_review
no_reuse_model_risk,unguarded,no_review
no_reuse_model_risk,sticky_edf,no_review;greedy;density;fixed_window;unguarded
no_reuse_model_risk,allocation,no_review;greedy;density;unguarded
no_reuse_model_risk,guarded,no_review;edf;greedy;density;fixed_window;unguarded;sticky_edf
complex_groups_model_risk,no_review,
complex_groups_model_risk,fifo,no_review;greedy;density;fixed_window;unguarded
complex_groups_model_risk,edf,no_review;fifo;greedy;density;fixed_window;unguarded;sticky_edf;allocation;guarded
complex_groups_model_risk,greedy,no_review
complex_groups_model_risk,density,no_review;fixed_window
complex_groups_model_risk,fixed_window,no_review
complex_groups_model_risk,unguarded,no_review;fixed_window
complex_groups_model_risk,sticky_edf,no_review;greedy;density;fixed_window;unguarded
complex_groups_model_risk,allocation,no_review;greedy
complex_groups_model_risk,guarded,no_review;greedy;density;fixed_window;unguarded
slow_decisions_model_risk,no_review,
slow_decisions_model_risk,fifo,no_review;density;unguarded
slow_decisions_model_risk,edf,no_review;fifo;density;fixed_window;unguarded
slow_decisions_model_risk,greedy,no_review;density;unguarded;allocation
slow_decisions_model_risk,density,no_review
slow_decisions_model_risk,fixed_window,no_review
slow_decisions_model_risk,unguarded,no_review
slow_decisions_model_risk,sticky_edf,no_review;fifo;density;fixed_window;unguarded
slow_decisions_model_risk,allocation,no_review;density;unguarded
slow_decisions_model_risk,guarded,no_review;fifo;edf;density;fixed_window;unguarded;sticky_edf
singleton_model_risk,no_review,
singleton_model_risk,fifo,no_review;greedy;density;fixed_window;unguarded
singleton_model_risk,edf,no_review;fifo;greedy;density;fixed_window;unguarded;sticky_edf;allocation;guarded
singleton_model_risk,greedy,no_review
singleton_model_risk,density,no_review;fixed_window
singleton_model_risk,fixed_window,no_review
singleton_model_risk,unguarded,no_review;fixed_window
singleton_model_risk,sticky_edf,no_review;greedy;density;fixed_window;unguarded
singleton_model_risk,allocation,no_review;greedy
singleton_model_risk,guarded,no_review;greedy;density;fixed_window;unguarded
no_reconsider_model_risk,no_review,
no_reconsider_model_risk,fifo,no_review;greedy;density;fixed_window;unguarded
no_reconsider_model_risk,edf,no_review;fifo;greedy;density;fixed_window;unguarded;sticky_edf;allocation;guarded
no_reconsider_model_risk,greedy,no_review
no_reconsider_model_risk,density,no_review;fixed_window
no_reconsider_model_risk,fixed_window,no_review
no_reconsider_model_risk,unguarded,no_review;density;fixed_window
no_reconsider_model_risk,sticky_edf,no_review;greedy;density;fixed_window;unguarded;guarded
no_reconsider_model_risk,allocation,no_review;greedy
no_reconsider_model_risk,guarded,no_review;greedy;density;fixed_window;unguarded
