reviewer,weights,capacity,duration,comparison,mean_difference,ci_low,ci_high,wins,ties,losses,different_sequences
model,heterogeneous,1,1,search-greedy,0.0,0.0,0.0,0,18,0,0
model,heterogeneous,1,1,search-edf,0.0,0.0,0.0,0,18,0,0
model,heterogeneous,1,1,search-no_review,0.0,0.0,0.0,0,18,0,0
model,heterogeneous,1,2,search-greedy,0.0,0.0,0.0,0,18,0,0
model,heterogeneous,1,2,search-edf,0.0,0.0,0.0,0,18,0,0
model,heterogeneous,1,2,search-no_review,0.0,0.0,0.0,0,18,0,0
model,heterogeneous,1,3,search-greedy,0.0,0.0,0.0,0,18,0,0
model,heterogeneous,1,3,search-edf,0.0,0.0,0.0,0,18,0,0
model,heterogeneous,1,3,search-no_review,0.0,0.0,0.0,0,18,0,0
model,heterogeneous,2,1,search-greedy,0.0,0.0,0.0,0,18,0,0
model,heterogeneous,2,1,search-edf,0.0,0.0,0.0,0,18,0,0
model,heterogeneous,2,1,search-no_review,0.0,0.0,0.0,0,18,0,0
model,heterogeneous,2,2,search-greedy,0.0,0.0,0.0,0,18,0,0
model,heterogeneous,2,2,search-edf,0.0,0.0,0.0,0,18,0,0
model,heterogeneous,2,2,search-no_review,0.0,0.0,0.0,0,18,0,0
model,heterogeneous,2,3,search-greedy,0.0,0.0,0.0,0,18,0,0
model,heterogeneous,2,3,search-edf,0.0,0.0,0.0,0,18,0,0
model,heterogeneous,2,3,search-no_review,0.0,0.0,0.0,0,18,0,0
model,uniform,1,1,search-greedy,0.0,0.0,0.0,0,18,0,0
model,uniform,1,1,search-edf,0.0,0.0,0.0,0,18,0,0
model,uniform,1,1,search-no_review,0.0,0.0,0.0,0,18,0,0
model,uniform,1,2,search-greedy,0.0,0.0,0.0,0,18,0,0
model,uniform,1,2,search-edf,0.0,0.0,0.0,0,18,0,0
model,uniform,1,2,search-no_review,0.0,0.0,0.0,0,18,0,0
model,uniform,1,3,search-greedy,0.0,0.0,0.0,0,18,0,0
model,uniform,1,3,search-edf,0.0,0.0,0.0,0,18,0,0
model,uniform,1,3,search-no_review,0.0,0.0,0.0,0,18,0,0
model,uniform,2,1,search-greedy,0.0,0.0,0.0,0,18,0,0
model,uniform,2,1,search-edf,0.0,0.0,0.0,0,18,0,0
model,uniform,2,1,search-no_review,0.0,0.0,0.0,0,18,0,0
model,uniform,2,2,search-greedy,0.0,0.0,0.0,0,18,0,0
model,uniform,2,2,search-edf,0.0,0.0,0.0,0,18,0,0
model,uniform,2,2,search-no_review,0.0,0.0,0.0,0,18,0,0
model,uniform,2,3,search-greedy,0.0,0.0,0.0,0,18,0,0
model,uniform,2,3,search-edf,0.0,0.0,0.0,0,18,0,0
model,uniform,2,3,search-no_review,0.0,0.0,0.0,0,18,0,0
model_risk,heterogeneous,1,1,search-greedy,0.0,0.0,0.0,0,18,0,16
model_risk,heterogeneous,1,1,search-edf,0.0,0.0,0.0,0,18,0,15
model_risk,heterogeneous,1,1,search-no_review,2.6666666666666665,0.21666666666666698,5.777777777777778,1,12,5,18
model_risk,heterogeneous,1,2,search-greedy,0.0,0.0,0.0,0,18,0,15
model_risk,heterogeneous,1,2,search-edf,0.0,0.0,0.0,0,18,0,0
model_risk,heterogeneous,1,2,search-no_review,2.6666666666666665,0.21666666666666698,5.777777777777778,1,12,5,18
model_risk,heterogeneous,1,3,search-greedy,0.0,0.0,0.0,0,18,0,5
model_risk,heterogeneous,1,3,search-edf,0.0,0.0,0.0,0,18,0,0
model_risk,heterogeneous,1,3,search-no_review,2.0,-0.4444444444444444,4.888888888888889,1,13,4,18
model_risk,heterogeneous,2,1,search-greedy,0.0,0.0,0.0,0,18,0,15
model_risk,heterogeneous,2,1,search-edf,0.0,0.0,0.0,0,18,0,15
model_risk,heterogeneous,2,1,search-no_review,2.6666666666666665,0.21666666666666698,5.777777777777778,1,12,5,18
model_risk,heterogeneous,2,2,search-greedy,0.0,0.0,0.0,0,18,0,16
model_risk,heterogeneous,2,2,search-edf,0.0,0.0,0.0,0,18,0,15
model_risk,heterogeneous,2,2,search-no_review,2.6666666666666665,0.21666666666666698,5.777777777777778,1,12,5,18
model_risk,heterogeneous,2,3,search-greedy,0.0,0.0,0.0,0,18,0,10
model_risk,heterogeneous,2,3,search-edf,0.0,0.0,0.0,0,18,0,11
model_risk,heterogeneous,2,3,search-no_review,2.0,-0.4444444444444444,4.888888888888889,1,13,4,18
model_risk,uniform,1,1,search-greedy,0.0,0.0,0.0,0,18,0,6
model_risk,uniform,1,1,search-edf,0.0,0.0,0.0,0,18,0,15
model_risk,uniform,1,1,search-no_review,2.2222222222222223,0.0,4.444444444444445,1,12,5,18
model_risk,uniform,1,2,search-greedy,0.4444444444444444,0.0,1.3333333333333333,0,17,1,16
model_risk,uniform,1,2,search-edf,0.0,0.0,0.0,0,18,0,0
model_risk,uniform,1,2,search-no_review,2.2222222222222223,0.0,4.444444444444445,1,12,5,18
model_risk,uniform,1,3,search-greedy,0.4444444444444444,-0.8888888888888888,1.7777777777777777,1,15,2,11
model_risk,uniform,1,3,search-edf,0.0,0.0,0.0,0,18,0,0
model_risk,uniform,1,3,search-no_review,1.7777777777777777,-0.4444444444444444,4.0,1,13,4,18
model_risk,uniform,2,1,search-greedy,0.0,0.0,0.0,0,18,0,2
model_risk,uniform,2,1,search-edf,0.0,0.0,0.0,0,18,0,15
model_risk,uniform,2,1,search-no_review,2.2222222222222223,0.0,4.444444444444445,1,12,5,18
model_risk,uniform,2,2,search-greedy,0.0,0.0,0.0,0,18,0,6
model_risk,uniform,2,2,search-edf,0.0,0.0,0.0,0,18,0,15
model_risk,uniform,2,2,search-no_review,2.2222222222222223,0.0,4.444444444444445,1,12,5,18
model_risk,uniform,2,3,search-greedy,0.0,0.0,0.0,0,18,0,0
model_risk,uniform,2,3,search-edf,0.0,0.0,0.0,0,18,0,11
model_risk,uniform,2,3,search-no_review,1.7777777777777777,-0.4444444444444444,4.0,1,13,4,18
ideal,heterogeneous,1,1,search-greedy,-0.4444444444444444,-1.1111111111111112,0.0,2,16,0,16
ideal,heterogeneous,1,1,search-edf,0.0,0.0,0.0,0,18,0,15
ideal,heterogeneous,1,1,search-no_review,-15.333333333333334,-20.0,-10.0,12,6,0,18
ideal,heterogeneous,1,2,search-greedy,-3.3333333333333335,-4.888888888888889,-1.7777777777777777,10,8,0,15
ideal,heterogeneous,1,2,search-edf,0.0,0.0,0.0,0,18,0,0
ideal,heterogeneous,1,2,search-no_review,-15.333333333333334,-20.0,-10.0,12,6,0,18
ideal,heterogeneous,1,3,search-greedy,-1.3333333333333333,-2.4444444444444446,-0.4444444444444444,5,13,0,5
ideal,heterogeneous,1,3,search-edf,0.0,0.0,0.0,0,18,0,0
ideal,heterogeneous,1,3,search-no_review,-10.0,-13.333333333333334,-6.444444444444445,12,6,0,18
ideal,heterogeneous,2,1,search-greedy,0.0,0.0,0.0,0,18,0,15
ideal,heterogeneous,2,1,search-edf,0.0,0.0,0.0,0,18,0,15
ideal,heterogeneous,2,1,search-no_review,-15.333333333333334,-20.0,-10.0,12,6,0,18
ideal,heterogeneous,2,2,search-greedy,-0.4444444444444444,-1.1111111111111112,0.0,2,16,0,16
ideal,heterogeneous,2,2,search-edf,0.0,0.0,0.0,0,18,0,15
ideal,heterogeneous,2,2,search-no_review,-15.333333333333334,-20.0,-10.0,12,6,0,18
ideal,heterogeneous,2,3,search-greedy,0.0,0.0,0.0,0,18,0,10
ideal,heterogeneous,2,3,search-edf,0.0,0.0,0.0,0,18,0,11
ideal,heterogeneous,2,3,search-no_review,-10.0,-13.333333333333334,-6.444444444444445,12,6,0,18
ideal,uniform,1,1,search-greedy,-1.3333333333333333,-2.6666666666666665,0.0,3,15,0,6
ideal,uniform,1,1,search-edf,0.0,0.0,0.0,0,18,0,15
ideal,uniform,1,1,search-no_review,-15.555555555555555,-20.444444444444443,-10.222222222222221,12,6,0,18
ideal,uniform,1,2,search-greedy,-4.888888888888889,-6.666666666666667,-3.111111111111111,11,7,0,16
ideal,uniform,1,2,search-edf,0.0,0.0,0.0,0,18,0,0
ideal,uniform,1,2,search-no_review,-15.555555555555555,-20.444444444444443,-10.222222222222221,12,6,0,18
ideal,uniform,1,3,search-greedy,-2.6666666666666665,-4.444444444444445,-0.8888888888888888,6,12,0,11
ideal,uniform,1,3,search-edf,0.0,0.0,0.0,0,18,0,0
ideal,uniform,1,3,search-no_review,-10.666666666666666,-14.222222222222221,-7.111111111111111,12,6,0,18
ideal,uniform,2,1,search-greedy,0.0,0.0,0.0,0,18,0,2
ideal,uniform,2,1,search-edf,0.0,0.0,0.0,0,18,0,15
ideal,uniform,2,1,search-no_review,-15.555555555555555,-20.444444444444443,-10.222222222222221,12,6,0,18
ideal,uniform,2,2,search-greedy,-1.3333333333333333,-2.6666666666666665,0.0,3,15,0,6
ideal,uniform,2,2,search-edf,0.0,0.0,0.0,0,18,0,15
ideal,uniform,2,2,search-no_review,-15.555555555555555,-20.444444444444443,-10.222222222222221,12,6,0,18
ideal,uniform,2,3,search-greedy,0.0,0.0,0.0,0,18,0,0
ideal,uniform,2,3,search-edf,0.0,0.0,0.0,0,18,0,11
ideal,uniform,2,3,search-no_review,-10.666666666666666,-14.222222222222221,-7.111111111111111,12,6,0,18
