bundle_id,replicate,policy,review_duration,operational_loss,task_completed,wrong_transactions,service_failure_loss,wrong_transaction_loss,completed_reviews,corrections,expired_useful_opportunities,review_busy_ticks,review_utilization,total_waiting_ticks,multi_eligible_dispatches,greedy_search_different_heads,status,planning_seconds,max_planning_seconds,ordered_subsets_evaluated
development_00,2,no_review,2,16,1,1,8,8,0,0,1,0,0.0,0,1,1,completed,0.00011809903662651777,3.87619948014617e-05,0
development_00,2,fcfs,2,4,2,0,4,0,1,1,0,2,0.3333333333333333,0,1,1,completed,4.376209108158946e-05,3.277003997936845e-05,0
development_00,2,edf,2,4,2,0,4,0,2,1,0,4,0.6666666666666666,2,1,1,completed,9.2370028141886e-05,4.893401637673378e-05,0
development_00,2,uncertainty,2,4,2,0,4,0,1,1,0,2,0.3333333333333333,0,1,1,completed,5.0623901188373566e-05,4.289799835532904e-05,0
development_00,2,greedy,2,4,2,0,4,0,1,1,0,2,0.3333333333333333,0,1,1,completed,6.397604010999203e-05,5.639001028612256e-05,0
development_00,2,search,2,4,2,0,4,0,2,1,0,4,0.6666666666666666,2,1,1,completed,0.00010455900337547064,5.2028975915163755e-05,7
development_00,2,no_review,1,16,1,1,8,8,0,0,1,0,0.0,0,2,1,completed,0.0001055589527823031,3.296096110716462e-05,0
development_00,2,fcfs,1,4,2,0,4,0,2,1,0,2,0.3333333333333333,1,1,0,completed,8.121610153466463e-05,4.407402593642473e-05,0
development_00,2,edf,1,4,2,0,4,0,2,1,0,2,0.3333333333333333,1,1,0,completed,7.879012264311314e-05,3.825302701443434e-05,0
development_00,2,uncertainty,1,4,2,0,4,0,2,1,0,2,0.3333333333333333,1,1,0,completed,8.172303205356002e-05,3.993895370513201e-05,0
development_00,2,greedy,1,4,2,0,4,0,2,1,0,2,0.3333333333333333,1,1,0,completed,8.582393638789654e-05,3.976596053689718e-05,0
development_00,2,search,1,4,2,0,4,0,2,1,0,2,0.3333333333333333,1,1,0,completed,9.643810335546732e-05,4.605099093168974e-05,7
development_00,3,no_review,2,0,3,0,0,0,0,0,0,0,0.0,0,3,1,completed,0.00020573893561959267,5.165499169379473e-05,0
development_00,3,fcfs,2,0,3,0,0,0,2,0,0,4,0.6666666666666666,1,1,1,completed,8.13970691524446e-05,4.340300802141428e-05,0
development_00,3,edf,2,0,3,0,0,0,3,0,0,6,1.0,5,2,1,completed,0.00014586903853341937,5.7962024584412575e-05,0
development_00,3,uncertainty,2,0,3,0,0,0,2,0,0,4,0.6666666666666666,1,1,1,completed,7.913797162473202e-05,3.871304215863347e-05,0
development_00,3,greedy,2,0,3,0,0,0,2,0,0,4,0.6666666666666666,1,1,1,completed,9.92750283330679e-05,5.350296851247549e-05,0
development_00,3,search,2,0,3,0,0,0,3,0,0,6,1.0,5,2,1,completed,0.00015135103603824973,5.640898598358035e-05,12
development_00,3,no_review,1,0,3,0,0,0,0,0,0,0,0.0,0,4,1,completed,0.00028749904595315456,7.693201769143343e-05,0
development_00,3,fcfs,1,0,3,0,0,0,3,0,0,3,0.5,2,2,1,completed,0.00010553811443969607,3.402301808819175e-05,0
development_00,3,edf,1,0,3,0,0,0,3,0,0,3,0.5,2,2,0,completed,0.00012156984303146601,5.624699406325817e-05,0
development_00,3,uncertainty,1,0,3,0,0,0,2,0,0,2,0.3333333333333333,0,2,1,completed,0.0001017360482364893,5.604297621175647e-05,0
development_00,3,greedy,1,0,3,0,0,0,2,0,0,2,0.3333333333333333,0,2,1,completed,0.00010308093624189496,5.6033022701740265e-05,0
development_00,3,search,1,0,3,0,0,0,3,0,0,3,0.5,2,2,1,completed,0.00014314998406916857,4.8450950998812914e-05,12
development_00,4,no_review,2,0,3,0,0,0,0,0,0,0,0.0,0,3,1,completed,0.0002136809634976089,5.756999598816037e-05,0
development_00,4,fcfs,2,0,3,0,0,0,2,0,0,4,0.6666666666666666,1,1,1,completed,0.0001038690097630024,5.939300172030926e-05,0
development_00,4,edf,2,0,3,0,0,0,3,0,0,6,1.0,5,2,1,completed,0.0001241129357367754,5.252799019217491e-05,0
development_00,4,uncertainty,2,0,3,0,0,0,2,0,0,4,0.6666666666666666,1,1,1,completed,8.494191570207477e-05,4.572595935314894e-05,0
development_00,4,greedy,2,0,3,0,0,0,2,0,0,4,0.6666666666666666,1,1,1,completed,0.00010210007894784212,5.596398841589689e-05,0
development_00,4,search,2,0,3,0,0,0,3,0,0,6,1.0,5,2,1,completed,0.00014483300037682056,5.404098192229867e-05,12
development_00,4,no_review,1,0,3,0,0,0,0,0,0,0,0.0,0,4,1,completed,0.00018583209021016955,5.0640024710446596e-05,0
development_00,4,fcfs,1,0,3,0,0,0,3,0,0,3,0.5,2,2,1,completed,9.786093141883612e-05,3.2185984309762716e-05,0
development_00,4,edf,1,0,3,0,0,0,3,0,0,3,0.5,2,2,0,completed,0.00011144514428451657,4.131603054702282e-05,0
development_00,4,uncertainty,1,0,3,0,0,0,2,0,0,2,0.3333333333333333,0,2,1,completed,8.147896733134985e-05,3.753002965822816e-05,0
development_00,4,greedy,1,0,3,0,0,0,2,0,0,2,0.3333333333333333,0,2,1,completed,8.369807619601488e-05,4.02859877794981e-05,0
development_00,4,search,1,0,3,0,0,0,3,0,0,3,0.5,2,2,1,completed,0.00012953107943758368,4.509900463744998e-05,12
development_01,2,fcfs,1,0,3,0,0,0,3,0,0,3,0.6,2,2,1,completed,9.690894512459636e-05,3.0354014597833157e-05,0
development_01,2,edf,1,0,3,0,0,0,3,0,0,3,0.6,2,2,1,completed,0.00011346896644681692,4.493200685828924e-05,0
development_01,2,uncertainty,1,0,3,0,0,0,3,0,0,3,0.6,2,2,1,completed,0.00010455003939568996,3.369501791894436e-05,0
development_01,2,greedy,1,0,3,0,0,0,3,0,0,3,0.6,2,2,1,completed,0.00013524695532396436,4.5388995204120874e-05,0
development_01,2,search,1,0,3,0,0,0,3,0,0,3,0.6,2,2,1,completed,0.00014014303451403975,4.665902815759182e-05,12
development_01,2,no_review,1,0,3,0,0,0,0,0,0,0,0.0,0,5,2,completed,0.00016425695503130555,5.038001108914614e-05,0
development_01,2,fcfs,2,0,3,0,0,0,2,0,0,4,0.8,2,2,0,completed,0.00012205098755657673,4.4320011511445045e-05,0
development_01,2,edf,2,0,3,0,0,0,2,0,0,4,0.8,2,2,0,completed,0.00012157496530562639,4.600296961143613e-05,0
development_01,2,uncertainty,2,0,3,0,0,0,2,0,0,4,0.8,1,2,0,completed,0.00012318295193836093,4.6927016228437424e-05,0
development_01,2,greedy,2,0,3,0,0,0,2,0,0,4,0.8,1,2,0,completed,0.0001271790242753923,5.387497367337346e-05,0
development_01,2,search,2,0,3,0,0,0,2,0,0,4,0.8,1,2,0,completed,0.0001382890623062849,5.825702100992203e-05,10
development_01,2,no_review,2,0,3,0,0,0,0,0,0,0,0.0,0,4,1,completed,0.00017158105038106441,5.763000808656216e-05,0
development_01,3,fcfs,1,0,3,0,0,0,3,0,0,3,0.6,2,2,1,completed,0.00011471100151538849,3.905600169673562e-05,0
development_01,3,edf,1,0,3,0,0,0,3,0,0,3,0.6,2,2,1,completed,0.00011811807053163648,4.486198304221034e-05,0
development_01,3,uncertainty,1,0,3,0,0,0,3,0,0,3,0.6,2,2,1,completed,0.00010833196574822068,3.4449039958417416e-05,0
development_01,3,greedy,1,0,3,0,0,0,3,0,0,3,0.6,2,2,1,completed,0.00010465295054018497,3.36900120601058e-05,0
development_01,3,search,1,0,3,0,0,0,3,0,0,3,0.6,2,2,1,completed,0.00012694991892203689,4.277197876945138e-05,12
development_01,3,no_review,1,0,3,0,0,0,0,0,0,0,0.0,0,5,2,completed,0.00016502704238519073,4.490697756409645e-05,0
development_01,3,fcfs,2,0,3,0,0,0,2,0,0,4,0.8,2,2,0,completed,0.00011527200695127249,4.452600842341781e-05,0
development_01,3,edf,2,0,3,0,0,0,2,0,0,4,0.8,2,2,0,completed,0.00013615505304187536,4.943599924445152e-05,0
development_01,3,uncertainty,2,0,3,0,0,0,2,0,0,4,0.8,1,2,0,completed,0.00012068194337189198,4.955497570335865e-05,0
development_01,3,greedy,2,0,3,0,0,0,2,0,0,4,0.8,1,2,0,completed,0.00012517598224803805,4.8151006922125816e-05,0
development_01,3,search,2,0,3,0,0,0,2,0,0,4,0.8,1,2,0,completed,0.00019163102842867374,7.719895802438259e-05,10
development_01,3,no_review,2,0,3,0,0,0,0,0,0,0,0.0,0,4,1,completed,0.00016285490710288286,4.931294824928045e-05,0
development_01,4,fcfs,1,0,3,0,0,0,3,0,0,3,0.6,2,2,1,completed,0.00012102496111765504,5.4999953135848045e-05,0
development_01,4,edf,1,0,3,0,0,0,3,0,0,3,0.6,2,2,1,completed,0.000110793043859303,3.772700438275933e-05,0
development_01,4,uncertainty,1,0,3,0,0,0,3,0,0,3,0.6,2,2,1,completed,0.00011106400052085519,3.6372977774590254e-05,0
development_01,4,greedy,1,0,3,0,0,0,3,0,0,3,0.6,2,2,1,completed,0.0001650869962759316,6.025098264217377e-05,0
development_01,4,search,1,0,3,0,0,0,3,0,0,3,0.6,2,2,1,completed,0.00013681786367669702,5.069695180281997e-05,12
development_01,4,no_review,1,0,3,0,0,0,0,0,0,0,0.0,0,5,2,completed,0.00016667309682816267,4.797801375389099e-05,0
development_01,4,fcfs,2,0,3,0,0,0,2,0,0,4,0.8,2,2,0,completed,0.0001405689981766045,5.241000326350331e-05,0
development_01,4,edf,2,0,3,0,0,0,2,0,0,4,0.8,2,2,0,completed,0.00012006895849481225,5.123100709170103e-05,0
development_01,4,uncertainty,2,0,3,0,0,0,2,0,0,4,0.8,1,2,0,completed,0.00013229402247816324,5.950604099780321e-05,0
development_01,4,greedy,2,0,3,0,0,0,2,0,0,4,0.8,1,2,0,completed,0.00016445713117718697,5.300203338265419e-05,0
development_01,4,search,2,0,3,0,0,0,2,0,0,4,0.8,1,2,0,completed,0.00014997896505519748,7.19709787517786e-05,10
development_01,4,no_review,2,0,3,0,0,0,0,0,0,0,0.0,0,4,1,completed,0.0002118790289387107,6.367004243656993e-05,0
development_02,2,edf,2,0,3,0,0,0,3,0,0,6,1.0,5,2,2,completed,0.00013662100536748767,6.205501267686486e-05,0
development_02,2,uncertainty,2,0,3,0,0,0,2,0,0,4,0.6666666666666666,1,1,1,completed,7.646903395652771e-05,3.897002898156643e-05,0
development_02,2,greedy,2,0,3,0,0,0,2,0,0,4,0.6666666666666666,1,1,1,completed,8.630508091300726e-05,4.308903589844704e-05,0
development_02,2,search,2,0,3,0,0,0,3,0,0,6,1.0,5,2,2,completed,0.0001487870467826724,6.324402056634426e-05,12
development_02,2,no_review,2,0,3,0,0,0,0,0,0,0,0.0,0,3,3,completed,0.0001989399897865951,4.930596332997084e-05,0
development_02,2,fcfs,2,0,3,0,0,0,3,0,0,6,1.0,5,2,2,completed,0.00013351504458114505,6.489898078143597e-05,0
development_02,2,edf,1,0,3,0,0,0,3,0,0,3,0.5,2,2,2,completed,0.00010932004079222679,3.6286015529185534e-05,0
development_02,2,uncertainty,1,0,3,0,0,0,2,0,0,2,0.3333333333333333,0,2,2,completed,7.593497866764665e-05,3.5977980587631464e-05,0
development_02,2,greedy,1,0,3,0,0,0,2,0,0,2,0.3333333333333333,0,2,2,completed,8.071900811046362e-05,3.561901394277811e-05,0
development_02,2,search,1,0,3,0,0,0,3,0,0,3,0.5,2,2,2,completed,0.00014004996046423912,4.82049654237926e-05,12
development_02,2,no_review,1,0,3,0,0,0,0,0,0,0,0.0,0,4,4,completed,0.00019696698291227221,4.9085007049143314e-05,0
development_02,2,fcfs,1,0,3,0,0,0,3,0,0,3,0.5,2,2,2,completed,0.00010756996925920248,3.4097989555448294e-05,0
development_02,3,edf,2,4,2,0,4,0,2,0,0,4,0.6666666666666666,1,0,0,completed,6.596598541364074e-05,3.8583006244152784e-05,0
development_02,3,uncertainty,2,4,2,0,4,0,2,0,0,4,0.6666666666666666,1,0,0,completed,9.386095916852355e-05,6.283901166170835e-05,0
development_02,3,greedy,2,4,2,0,4,0,2,0,0,4,0.6666666666666666,1,0,0,completed,8.543900912627578e-05,5.807302659377456e-05,0
development_02,3,search,2,4,2,0,4,0,2,0,0,4,0.6666666666666666,1,0,0,completed,7.389206439256668e-05,3.9121019653975964e-05,4
development_02,3,no_review,2,4,2,0,4,0,0,0,0,0,0.0,0,2,2,completed,0.00014174793614074588,3.9534992538392544e-05,0
development_02,3,fcfs,2,4,2,0,4,0,2,0,0,4,0.6666666666666666,1,0,0,completed,6.44410029053688e-05,3.723101690411568e-05,0
development_02,3,edf,1,4,2,0,4,0,2,0,0,2,0.3333333333333333,0,0,0,completed,5.466613220050931e-05,2.3414031602442265e-05,0
development_02,3,uncertainty,1,4,2,0,4,0,2,0,0,2,0.3333333333333333,0,0,0,completed,7.069396087899804e-05,3.9414968341588974e-05,0
development_02,3,greedy,1,4,2,0,4,0,2,0,0,2,0.3333333333333333,0,0,0,completed,5.393504397943616e-05,2.219300949946046e-05,0
development_02,3,search,1,4,2,0,4,0,2,0,0,2,0.3333333333333333,0,0,0,completed,5.961599526926875e-05,2.7952948585152626e-05,4
development_02,3,no_review,1,4,2,0,4,0,0,0,0,0,0.0,0,3,3,completed,0.0001571719185449183,4.342198371887207e-05,0
development_02,3,fcfs,1,4,2,0,4,0,2,0,0,2,0.3333333333333333,0,0,0,completed,4.7358975280076265e-05,1.9268016330897808e-05,0
development_02,4,edf,2,0,3,0,0,0,3,0,0,6,1.0,5,2,2,completed,0.00011177902342751622,4.6481029130518436e-05,0
development_02,4,uncertainty,2,0,3,0,0,0,2,0,0,4,0.6666666666666666,1,1,1,completed,7.573195034638047e-05,3.382196882739663e-05,0
development_02,4,greedy,2,0,3,0,0,0,2,0,0,4,0.6666666666666666,1,1,1,completed,0.00010644004214555025,6.359495455399156e-05,0
development_02,4,search,2,0,3,0,0,0,3,0,0,6,1.0,5,2,2,completed,0.0001366310752928257,5.02160401083529e-05,12
development_02,4,no_review,2,0,3,0,0,0,0,0,0,0,0.0,0,3,3,completed,0.00019942602375522256,5.934102227911353e-05,0
development_02,4,fcfs,2,0,3,0,0,0,3,0,0,6,1.0,5,2,2,completed,0.00013086199760437012,6.049097282811999e-05,0
development_02,4,edf,1,0,3,0,0,0,3,0,0,3,0.5,2,2,2,completed,0.00012509815860539675,4.309602081775665e-05,0
development_02,4,uncertainty,1,0,3,0,0,0,2,0,0,2,0.3333333333333333,0,2,2,completed,8.844200056046247e-05,4.875200102105737e-05,0
development_02,4,greedy,1,0,3,0,0,0,2,0,0,2,0.3333333333333333,0,2,2,completed,8.568394696339965e-05,4.2162020690739155e-05,0
development_02,4,search,1,0,3,0,0,0,3,0,0,3,0.5,2,2,2,completed,0.00015011709183454514,5.247798981145024e-05,12
development_02,4,no_review,1,0,3,0,0,0,0,0,0,0,0.0,0,4,4,completed,0.0001916040200740099,4.573201294988394e-05,0
development_02,4,fcfs,1,0,3,0,0,0,3,0,0,3,0.5,2,2,2,completed,0.0001226369640789926,4.506699042394757e-05,0
development_03,2,uncertainty,1,0,3,0,0,0,2,2,0,2,0.4,0,2,2,completed,7.362401811406016e-05,3.3814983908087015e-05,0
development_03,2,greedy,1,0,3,0,0,0,2,2,0,2,0.4,0,2,2,completed,7.339997682720423e-05,3.4484954085201025e-05,0
development_03,2,search,1,0,3,0,0,0,3,2,0,3,0.6,2,2,2,completed,0.00017335795564576983,7.919000927358866e-05,12
development_03,2,no_review,1,28,1,2,8,20,0,0,2,0,0.0,0,5,4,completed,0.00016400008462369442,4.9788039177656174e-05,0
development_03,2,fcfs,1,0,3,0,0,0,3,2,0,3,0.6,2,2,2,completed,0.0001170099712908268,4.841800546273589e-05,0
development_03,2,edf,1,0,3,0,0,0,3,2,0,3,0.6,2,2,2,completed,0.00011801708023995161,4.627002635970712e-05,0
development_03,2,uncertainty,2,0,3,0,0,0,2,2,0,4,0.8,1,1,1,completed,0.00010272307554259896,6.211601430550218e-05,0
development_03,2,greedy,2,0,3,0,0,0,2,2,0,4,0.8,1,1,1,completed,7.841596379876137e-05,3.879895666614175e-05,0
development_03,2,search,2,12,2,1,4,8,2,1,1,4,0.8,1,2,1,completed,0.00018941593589261174,7.980497321113944e-05,10
development_03,2,no_review,2,28,1,2,8,20,0,0,2,0,0.0,0,4,2,completed,0.00023129908367991447,5.9376005083322525e-05,0
development_03,2,fcfs,2,16,2,1,4,12,2,1,1,4,0.8,2,2,1,completed,0.00015964795602485538,8.070201147347689e-05,0
development_03,2,edf,2,16,2,1,4,12,2,1,1,4,0.8,2,2,1,completed,0.00020279898308217525,0.00012828095350414515,0
development_03,3,uncertainty,1,4,2,0,4,0,2,1,0,2,0.4,1,1,1,completed,0.00014557293616235256,6.965501233935356e-05,0
development_03,3,greedy,1,4,2,0,4,0,2,1,0,2,0.4,1,1,1,completed,8.318305481225252e-05,3.653200110420585e-05,0
development_03,3,search,1,4,2,0,4,0,2,1,0,2,0.4,1,1,1,completed,9.580299956724048e-05,4.1598977986723185e-05,7
development_03,3,no_review,1,16,1,1,8,8,0,0,1,0,0.0,0,2,2,completed,0.00011574599193409085,3.332301275804639e-05,0
development_03,3,fcfs,1,4,2,0,4,0,2,1,0,2,0.4,1,1,1,completed,0.00012504291953518987,7.320498116314411e-05,0
development_03,3,edf,1,4,2,0,4,0,2,1,0,2,0.4,1,1,1,completed,9.984307689592242e-05,5.865003913640976e-05,0
development_03,3,uncertainty,2,4,2,0,4,0,1,1,0,2,0.4,0,1,1,completed,4.6461005695164204e-05,4.137697396799922e-05,0
development_03,3,greedy,2,4,2,0,4,0,1,1,0,2,0.4,0,1,1,completed,4.476797766983509e-05,3.909901715815067e-05,0
development_03,3,search,2,4,2,0,4,0,2,1,0,4,0.8,2,1,1,completed,9.319203672930598e-05,4.7545996494591236e-05,7
development_03,3,no_review,2,16,1,1,8,8,0,0,1,0,0.0,0,1,1,completed,0.00011255999561399221,3.222597297281027e-05,0
development_03,3,fcfs,2,4,2,0,4,0,2,1,0,4,0.8,2,1,1,completed,7.106002885848284e-05,3.5470002330839634e-05,0
development_03,3,edf,2,4,2,0,4,0,2,1,0,4,0.8,2,1,1,completed,7.868697866797447e-05,3.955001011490822e-05,0
development_03,4,uncertainty,1,0,3,0,0,0,2,2,0,2,0.4,0,2,2,completed,7.575901690870523e-05,3.331899642944336e-05,0
development_03,4,greedy,1,0,3,0,0,0,2,2,0,2,0.4,0,2,2,completed,8.464197162538767e-05,3.6345969419926405e-05,0
development_03,4,search,1,0,3,0,0,0,3,2,0,3,0.6,2,2,2,completed,0.000178591872099787,8.896295912563801e-05,12
development_03,4,no_review,1,28,1,2,8,20,0,0,2,0,0.0,0,5,4,completed,0.00030729291029274464,0.00015311699826270342,0
development_03,4,fcfs,1,0,3,0,0,0,3,2,0,3,0.6,2,2,2,completed,0.00011109496699646115,4.298798739910126e-05,0
development_03,4,edf,1,0,3,0,0,0,3,2,0,3,0.6,2,2,2,completed,0.00013370008673518896,6.0582999140024185e-05,0
development_03,4,uncertainty,2,0,3,0,0,0,2,2,0,4,0.8,1,1,1,completed,0.00012732995674014091,6.624398520216346e-05,0
development_03,4,greedy,2,0,3,0,0,0,2,2,0,4,0.8,1,1,1,completed,0.00012442003935575485,7.164798444136977e-05,0
development_03,4,search,2,12,2,1,4,8,2,1,1,4,0.8,1,2,1,completed,0.00020651798695325851,0.00010193302296102047,10
development_03,4,no_review,2,28,1,2,8,20,0,0,2,0,0.0,0,4,2,completed,0.0001653640647418797,4.705204628407955e-05,0
development_03,4,fcfs,2,16,2,1,4,12,2,1,1,4,0.8,2,2,1,completed,0.00011718302266672254,5.007704021409154e-05,0
development_03,4,edf,2,16,2,1,4,12,2,1,1,4,0.8,2,2,1,completed,0.00012074003461748362,4.911201540380716e-05,0
development_04,2,greedy,2,0,3,0,0,0,2,1,0,4,0.8,2,2,0,completed,0.0001214020885527134,4.8295012675225735e-05,0
development_04,2,search,2,0,3,0,0,0,2,1,0,4,0.8,2,2,0,completed,0.00015074899420142174,5.8998994063586e-05,10
development_04,2,no_review,2,8,2,1,4,4,0,0,1,0,0.0,0,4,0,completed,0.0001632579369470477,4.8708985559642315e-05,0
development_04,2,fcfs,2,0,3,0,0,0,2,1,0,4,0.8,2,2,0,completed,0.00019292504293844104,7.093895692378283e-05,0
development_04,2,edf,2,0,3,0,0,0,2,1,0,4,0.8,2,2,0,completed,0.00012257607886567712,4.9367023166269064e-05,0
development_04,2,uncertainty,2,0,3,0,0,0,2,1,0,4,0.8,1,1,0,completed,9.373296052217484e-05,5.6285993196070194e-05,0
development_04,2,greedy,1,0,3,0,0,0,3,1,0,3,0.6,2,2,0,completed,0.00013378204312175512,5.9349986258894205e-05,0
development_04,2,search,1,0,3,0,0,0,3,1,0,3,0.6,2,2,0,completed,0.0001352069666609168,5.1404000259935856e-05,12
development_04,2,no_review,1,8,2,1,4,4,0,0,1,0,0.0,0,5,0,completed,0.0002099510165862739,6.367999594658613e-05,0
development_04,2,fcfs,1,0,3,0,0,0,3,1,0,3,0.6,2,2,0,completed,0.00014786497922614217,5.820300430059433e-05,0
development_04,2,edf,1,0,3,0,0,0,3,1,0,3,0.6,2,2,0,completed,0.00013160897651687264,5.9217039961367846e-05,0
development_04,2,uncertainty,1,0,3,0,0,0,3,1,0,3,0.6,2,2,0,completed,0.00011287600500509143,4.0341983549296856e-05,0
development_04,3,greedy,2,0,3,0,0,0,2,0,0,4,0.8,2,2,0,completed,0.00014841393567621708,5.654396954923868e-05,0
development_04,3,search,2,0,3,0,0,0,2,0,0,4,0.8,2,2,0,completed,0.0001435109879821539,6.604701047763228e-05,10
development_04,3,no_review,2,0,3,0,0,0,0,0,0,0,0.0,0,4,0,completed,0.00016282213618978858,5.126302130520344e-05,0
development_04,3,fcfs,2,0,3,0,0,0,2,0,0,4,0.8,2,2,0,completed,0.00013188988668844104,4.873896250501275e-05,0
development_04,3,edf,2,0,3,0,0,0,2,0,0,4,0.8,2,2,0,completed,0.00013552902964875102,5.217996658757329e-05,0
development_04,3,uncertainty,2,0,3,0,0,0,2,0,0,4,0.8,1,1,0,completed,7.552397437393665e-05,3.563700011000037e-05,0
development_04,3,greedy,1,0,3,0,0,0,3,0,0,3,0.6,2,2,0,completed,0.00011987192556262016,4.604796413332224e-05,0
development_04,3,search,1,0,3,0,0,0,3,0,0,3,0.6,2,2,0,completed,0.00015552405966445804,6.955600110813975e-05,12
development_04,3,no_review,1,0,3,0,0,0,0,0,0,0,0.0,0,5,0,completed,0.00015735102351754904,4.3906038627028465e-05,0
development_04,3,fcfs,1,0,3,0,0,0,3,0,0,3,0.6,2,2,0,completed,0.0001386140356771648,6.147898966446519e-05,0
development_04,3,edf,1,0,3,0,0,0,3,0,0,3,0.6,2,2,0,completed,0.0001410720869898796,5.171599332243204e-05,0
development_04,3,uncertainty,1,0,3,0,0,0,3,0,0,3,0.6,2,2,0,completed,0.00011081696720793843,4.054798046126962e-05,0
development_04,4,greedy,2,0,3,0,0,0,2,1,0,4,0.8,2,2,0,completed,0.00014850200386717916,6.941799074411392e-05,0
development_04,4,search,2,0,3,0,0,0,2,1,0,4,0.8,2,2,0,completed,0.00015967799117788672,6.533000851050019e-05,10
development_04,4,no_review,2,8,2,1,4,4,0,0,1,0,0.0,0,4,0,completed,0.0001535150222480297,4.115502815693617e-05,0
development_04,4,fcfs,2,0,3,0,0,0,2,1,0,4,0.8,2,2,0,completed,0.0001337149878963828,4.777399590238929e-05,0
development_04,4,edf,2,0,3,0,0,0,2,1,0,4,0.8,2,2,0,completed,0.00013552093878388405,4.395499126985669e-05,0
development_04,4,uncertainty,2,0,3,0,0,0,2,1,0,4,0.8,1,1,0,completed,8.806493133306503e-05,4.9731985200196505e-05,0
development_04,4,greedy,1,0,3,0,0,0,3,1,0,3,0.6,2,2,0,completed,0.00010964501416310668,3.6446028389036655e-05,0
development_04,4,search,1,0,3,0,0,0,3,1,0,3,0.6,2,2,0,completed,0.0001396180596202612,4.6418048441410065e-05,12
development_04,4,no_review,1,8,2,1,4,4,0,0,1,0,0.0,0,5,0,completed,0.00020161899738013744,6.354699144139886e-05,0
development_04,4,fcfs,1,0,3,0,0,0,3,1,0,3,0.6,2,2,0,completed,0.00010140897938981652,3.447098424658179e-05,0
development_04,4,edf,1,0,3,0,0,0,3,1,0,3,0.6,2,2,0,completed,0.00011740397894755006,3.7721998523920774e-05,0
development_04,4,uncertainty,1,0,3,0,0,0,3,1,0,3,0.6,2,2,0,completed,0.00011138292029500008,3.5739969462156296e-05,0
development_05,2,search,1,0,3,0,0,0,3,1,0,3,0.6,2,2,0,completed,0.0001632950734347105,7.55700166337192e-05,12
development_05,2,no_review,1,16,2,1,4,12,0,0,1,0,0.0,0,5,1,completed,0.0001593100605532527,4.491198342293501e-05,0
development_05,2,fcfs,1,0,3,0,0,0,3,1,0,3,0.6,2,2,0,completed,0.00011540990089997649,4.137295763939619e-05,0
development_05,2,edf,1,0,3,0,0,0,3,1,0,3,0.6,2,2,0,completed,0.0001268289634026587,4.327797796577215e-05,0
development_05,2,uncertainty,1,0,3,0,0,0,3,1,0,3,0.6,2,2,0,completed,0.00011972000356763601,4.2298983316868544e-05,0
development_05,2,greedy,1,0,3,0,0,0,3,1,0,3,0.6,2,2,0,completed,0.00010738294804468751,3.544898936524987e-05,0
development_05,2,search,2,0,3,0,0,0,2,1,0,4,0.8,2,2,1,completed,0.00013917102478444576,5.438900552690029e-05,10
development_05,2,no_review,2,16,2,1,4,12,0,0,1,0,0.0,0,4,1,completed,0.00017425999976694584,5.4261996410787106e-05,0
development_05,2,fcfs,2,0,3,0,0,0,2,1,0,4,0.8,1,1,1,completed,7.23530538380146e-05,3.587803803384304e-05,0
development_05,2,edf,2,0,3,0,0,0,2,1,0,4,0.8,2,2,1,completed,0.00010831601684913039,4.5132008381187916e-05,0
development_05,2,uncertainty,2,0,3,0,0,0,2,1,0,4,0.8,1,1,1,completed,7.39690731279552e-05,3.553804708644748e-05,0
development_05,2,greedy,2,0,3,0,0,0,2,1,0,4,0.8,1,1,1,completed,8.714100113138556e-05,4.064198583364487e-05,0
development_05,3,search,1,0,3,0,0,0,3,1,0,3,0.6,2,2,0,completed,0.0001384649658575654,4.7664972953498363e-05,12
development_05,3,no_review,1,16,2,1,4,12,0,0,1,0,0.0,0,5,1,completed,0.00024862290592864156,8.356996113434434e-05,0
development_05,3,fcfs,1,0,3,0,0,0,3,1,0,3,0.6,2,2,0,completed,0.00011430797167122364,5.0597009249031544e-05,0
development_05,3,edf,1,0,3,0,0,0,3,1,0,3,0.6,2,2,0,completed,0.00011570792412385345,3.973196726292372e-05,0
development_05,3,uncertainty,1,0,3,0,0,0,3,1,0,3,0.6,2,2,0,completed,0.00011312705464661121,3.8489990402013063e-05,0
development_05,3,greedy,1,0,3,0,0,0,3,1,0,3,0.6,2,2,0,completed,0.0001042489311657846,3.4485943615436554e-05,0
development_05,3,search,2,0,3,0,0,0,2,1,0,4,0.8,2,2,1,completed,0.00015892094234004617,6.001000292599201e-05,10
development_05,3,no_review,2,16,2,1,4,12,0,0,1,0,0.0,0,4,1,completed,0.0002153440727852285,5.9120997320860624e-05,0
development_05,3,fcfs,2,0,3,0,0,0,2,1,0,4,0.8,1,1,1,completed,7.140700472518802e-05,3.352900967001915e-05,0
development_05,3,edf,2,0,3,0,0,0,2,1,0,4,0.8,2,2,1,completed,0.00012429303023964167,5.194899858906865e-05,0
development_05,3,uncertainty,2,0,3,0,0,0,2,1,0,4,0.8,1,1,1,completed,8.118705591186881e-05,4.418700700625777e-05,0
development_05,3,greedy,2,0,3,0,0,0,2,1,0,4,0.8,1,1,1,completed,8.57969862408936e-05,4.182296106591821e-05,0
development_05,4,search,1,0,3,0,0,0,3,1,0,3,0.6,2,2,0,completed,0.00013353698886930943,4.713796079158783e-05,12
development_05,4,no_review,1,16,2,1,4,12,0,0,1,0,0.0,0,5,1,completed,0.00016861309995874763,4.1624007280915976e-05,0
development_05,4,fcfs,1,0,3,0,0,0,3,1,0,3,0.6,2,2,0,completed,0.00014361506327986717,6.261799717321992e-05,0
development_05,4,edf,1,0,3,0,0,0,3,1,0,3,0.6,2,2,0,completed,0.00012847798643633723,6.114499410614371e-05,0
development_05,4,uncertainty,1,0,3,0,0,0,3,1,0,3,0.6,2,2,0,completed,0.0001312120002694428,5.1080016419291496e-05,0
development_05,4,greedy,1,0,3,0,0,0,3,1,0,3,0.6,2,2,0,completed,0.00014151009963825345,4.754302790388465e-05,0
development_05,4,search,2,0,3,0,0,0,2,1,0,4,0.8,2,2,1,completed,0.00016401801258325577,6.638403283432126e-05,10
development_05,4,no_review,2,16,2,1,4,12,0,0,1,0,0.0,0,4,1,completed,0.00017013988690450788,4.874897422268987e-05,0
development_05,4,fcfs,2,0,3,0,0,0,2,1,0,4,0.8,1,1,1,completed,8.5905019659549e-05,4.631199408322573e-05,0
development_05,4,edf,2,0,3,0,0,0,2,1,0,4,0.8,2,2,1,completed,0.00011875003110617399,4.470598651096225e-05,0
development_05,4,uncertainty,2,0,3,0,0,0,2,1,0,4,0.8,1,1,1,completed,7.84139265306294e-05,4.255195381119847e-05,0
development_05,4,greedy,2,0,3,0,0,0,2,1,0,4,0.8,1,1,1,completed,7.86270247772336e-05,4.185200668871403e-05,0
development_06,2,no_review,2,8,2,1,4,4,0,0,1,0,0.0,0,3,1,completed,0.0002405359409749508,9.23830084502697e-05,0
development_06,2,fcfs,2,0,3,0,0,0,2,1,0,4,0.8,2,1,0,completed,9.747501462697983e-05,6.245204713195562e-05,0
development_06,2,edf,2,0,3,0,0,0,2,1,0,4,0.8,2,1,0,completed,0.00011581106809899211,7.711001671850681e-05,0
development_06,2,uncertainty,2,0,3,0,0,0,2,1,0,4,0.8,2,1,0,completed,9.026809129863977e-05,4.715303657576442e-05,0
development_06,2,greedy,2,0,3,0,0,0,2,1,0,4,0.8,2,1,0,completed,0.00014922302216291428,7.603899575769901e-05,0
development_06,2,search,2,0,3,0,0,0,2,1,0,4,0.8,2,1,0,completed,0.00010385189671069384,5.034898640587926e-05,7
development_06,2,no_review,1,8,2,1,4,4,0,0,1,0,0.0,0,4,2,completed,0.00018053705571219325,4.23580058850348e-05,0
development_06,2,fcfs,1,0,3,0,0,0,3,1,0,3,0.6,2,2,0,completed,0.00010978890350088477,4.595500649884343e-05,0
development_06,2,edf,1,0,3,0,0,0,3,1,0,3,0.6,2,2,0,completed,0.00012048700591549277,4.323699977248907e-05,0
development_06,2,uncertainty,1,0,3,0,0,0,3,1,0,3,0.6,2,2,0,completed,0.0001079560024663806,3.597897011786699e-05,0
development_06,2,greedy,1,0,3,0,0,0,3,1,0,3,0.6,2,2,0,completed,0.00012348807649686933,4.50610532425344e-05,0
development_06,2,search,1,0,3,0,0,0,3,1,0,3,0.6,2,2,0,completed,0.00017240206943824887,7.115001790225506e-05,12
development_06,3,no_review,2,12,1,1,8,4,0,0,1,0,0.0,0,1,0,completed,0.00012553291162475944,3.58769902959466e-05,0
development_06,3,fcfs,2,4,2,0,4,0,1,1,0,2,0.4,0,0,0,completed,0.00010186497820541263,7.508101407438517e-05,0
development_06,3,edf,2,4,2,0,4,0,1,1,0,2,0.4,0,0,0,completed,7.687002653256059e-05,3.902497701346874e-05,0
development_06,3,uncertainty,2,4,2,0,4,0,1,1,0,2,0.4,0,0,0,completed,6.892892997711897e-05,3.520498285070062e-05,0
development_06,3,greedy,2,4,2,0,4,0,1,1,0,2,0.4,0,0,0,completed,7.263000588864088e-05,3.291800385341048e-05,0
development_06,3,search,2,4,2,0,4,0,1,1,0,2,0.4,0,0,0,completed,0.00010384502820670605,5.768198752775788e-05,2
development_06,3,no_review,1,12,1,1,8,4,0,0,1,0,0.0,0,2,1,completed,0.00010745995678007603,3.5278964787721634e-05,0
development_06,3,fcfs,1,4,2,0,4,0,2,1,0,2,0.4,0,0,0,completed,4.685897147282958e-05,1.8941995222121477e-05,0
development_06,3,edf,1,4,2,0,4,0,2,1,0,2,0.4,0,0,0,completed,5.7495024520903826e-05,2.599298022687435e-05,0
development_06,3,uncertainty,1,4,2,0,4,0,2,1,0,2,0.4,0,0,0,completed,5.7519006077200174e-05,2.5300018023699522e-05,0
development_06,3,greedy,1,4,2,0,4,0,2,1,0,2,0.4,0,0,0,completed,5.426100688055158e-05,2.38200300373137e-05,0
development_06,3,search,1,4,2,0,4,0,2,1,0,2,0.4,0,0,0,completed,5.7534954976290464e-05,2.5734014343470335e-05,4
development_06,4,no_review,2,8,1,0,8,0,0,0,0,0,0.0,0,0,0,completed,5.440495442599058e-05,2.3773987777531147e-05,0
development_06,4,fcfs,2,8,1,0,8,0,1,0,0,2,0.4,0,0,0,completed,2.9667920898646116e-05,1.7028010915964842e-05,0
development_06,4,edf,2,8,1,0,8,0,1,0,0,2,0.4,0,0,0,completed,2.9081071261316538e-05,1.840601908043027e-05,0
development_06,4,uncertainty,2,8,1,0,8,0,1,0,0,2,0.4,0,0,0,completed,3.0138995498418808e-05,1.8988968804478645e-05,0
development_06,4,greedy,2,8,1,0,8,0,1,0,0,2,0.4,0,0,0,completed,2.921692794188857e-05,1.8956023268401623e-05,0
development_06,4,search,2,8,1,0,8,0,1,0,0,2,0.4,0,0,0,completed,3.7250982131808996e-05,2.5126966647803783e-05,2
development_06,4,no_review,1,8,1,0,8,0,0,0,0,0,0.0,0,0,0,completed,3.806507447734475e-05,1.6471021808683872e-05,0
development_06,4,fcfs,1,8,1,0,8,0,1,0,0,1,0.2,0,0,0,completed,4.4053071178495884e-05,2.9377988539636135e-05,0
development_06,4,edf,1,8,1,0,8,0,1,0,0,1,0.2,0,0,0,completed,3.352295607328415e-05,1.8412014469504356e-05,0
development_06,4,uncertainty,1,8,1,0,8,0,1,0,0,1,0.2,0,0,0,completed,2.8408016078174114e-05,1.9367027562111616e-05,0
development_06,4,greedy,1,8,1,0,8,0,1,0,0,1,0.2,0,0,0,completed,3.104406641796231e-05,1.9397004507482052e-05,0
development_06,4,search,1,8,1,0,8,0,1,0,0,1,0.2,0,0,0,completed,3.995496081188321e-05,2.534600207582116e-05,2
development_07,2,fcfs,1,4,2,0,4,0,2,0,0,2,0.4,0,0,0,completed,4.58870199508965e-05,1.9320985302329063e-05,0
development_07,2,edf,1,4,2,0,4,0,2,0,0,2,0.4,0,0,0,completed,7.853697752580047e-05,5.2450981456786394e-05,0
development_07,2,uncertainty,1,4,2,0,4,0,2,0,0,2,0.4,0,0,0,completed,5.012104520574212e-05,2.3557047825306654e-05,0
development_07,2,greedy,1,4,2,0,4,0,2,0,0,2,0.4,0,0,0,completed,5.097093526273966e-05,2.1729967556893826e-05,0
development_07,2,search,1,4,2,0,4,0,2,0,0,2,0.4,0,0,0,completed,5.9010053519159555e-05,2.7413014322519302e-05,4
development_07,2,no_review,1,4,2,0,4,0,0,0,0,0,0.0,0,2,1,completed,0.00014994805678725243,7.265002932399511e-05,0
development_07,2,fcfs,2,4,2,0,4,0,1,0,0,2,0.4,0,0,0,completed,5.54388971067965e-05,2.846098504960537e-05,0
development_07,2,edf,2,4,2,0,4,0,1,0,0,2,0.4,0,0,0,completed,5.611800588667393e-05,2.725300146266818e-05,0
development_07,2,uncertainty,2,4,2,0,4,0,1,0,0,2,0.4,0,0,0,completed,7.369997911155224e-05,4.711298970505595e-05,0
development_07,2,greedy,2,4,2,0,4,0,1,0,0,2,0.4,0,0,0,completed,5.990086356177926e-05,3.389496123418212e-05,0
development_07,2,search,2,4,2,0,4,0,1,0,0,2,0.4,0,0,0,completed,6.033998215571046e-05,2.54589831456542e-05,2
development_07,2,no_review,2,4,2,0,4,0,0,0,0,0,0.0,0,1,0,completed,0.0001026639947667718,3.5604985896497965e-05,0
development_07,3,fcfs,1,0,3,0,0,0,3,2,0,3,0.6,2,2,1,completed,0.000105450046248734,3.8556987419724464e-05,0
development_07,3,edf,1,0,3,0,0,0,3,2,0,3,0.6,2,2,0,completed,0.00012939894804731011,5.181698361411691e-05,0
development_07,3,uncertainty,1,0,3,0,0,0,3,2,0,3,0.6,2,2,1,completed,0.0001085520489141345,3.737001679837704e-05,0
development_07,3,greedy,1,0,3,0,0,0,3,2,0,3,0.6,2,2,1,completed,0.00013176299398764968,5.734199658036232e-05,0
development_07,3,search,1,0,3,0,0,0,3,2,0,3,0.6,2,2,1,completed,0.0001574420020915568,5.889899330213666e-05,12
development_07,3,no_review,1,28,1,2,8,20,0,0,2,0,0.0,0,4,2,completed,0.00022970896679908037,8.248898666352034e-05,0
development_07,3,fcfs,2,16,2,1,4,12,2,1,1,4,0.8,2,1,0,completed,9.940005838871002e-05,4.798703594133258e-05,0
development_07,3,edf,2,16,2,1,4,12,2,1,1,4,0.8,2,1,0,completed,8.599995635449886e-05,4.725198959931731e-05,0
development_07,3,uncertainty,2,16,2,1,4,12,2,1,1,4,0.8,2,1,0,completed,9.006704203784466e-05,4.716700641438365e-05,0
development_07,3,greedy,2,16,2,1,4,12,2,1,1,4,0.8,2,1,0,completed,9.116192813962698e-05,5.1104987505823374e-05,0
development_07,3,search,2,16,2,1,4,12,2,1,1,4,0.8,2,1,0,completed,0.00018752692267298698,0.00011365697719156742,7
development_07,3,no_review,2,28,1,2,8,20,0,0,2,0,0.0,0,3,1,completed,0.00016963499365374446,4.2019004467874765e-05,0
development_07,4,fcfs,1,4,2,0,4,0,2,0,0,2,0.4,0,0,0,completed,5.0104979891330004e-05,2.3683009203523397e-05,0
development_07,4,edf,1,4,2,0,4,0,2,0,0,2,0.4,0,0,0,completed,5.374709144234657e-05,2.116500400006771e-05,0
development_07,4,uncertainty,1,4,2,0,4,0,2,0,0,2,0.4,0,0,0,completed,6.290298188105226e-05,3.526697400957346e-05,0
development_07,4,greedy,1,4,2,0,4,0,2,0,0,2,0.4,0,0,0,completed,7.833499694243073e-05,4.661304410547018e-05,0
development_07,4,search,1,4,2,0,4,0,2,0,0,2,0.4,0,0,0,completed,6.159202894195914e-05,2.9364018701016903e-05,4
development_07,4,no_review,1,4,2,0,4,0,0,0,0,0,0.0,0,2,1,completed,0.00011529604671522975,3.899302100762725e-05,0
development_07,4,fcfs,2,4,2,0,4,0,1,0,0,2,0.4,0,0,0,completed,0.00010461494093760848,7.865502266213298e-05,0
development_07,4,edf,2,4,2,0,4,0,1,0,0,2,0.4,0,0,0,completed,6.297201616689563e-05,3.636698238551617e-05,0
development_07,4,uncertainty,2,4,2,0,4,0,1,0,0,2,0.4,0,0,0,completed,0.00010665401350706816,6.296299397945404e-05,0
development_07,4,greedy,2,4,2,0,4,0,1,0,0,2,0.4,0,0,0,completed,6.404402665793896e-05,3.5068951547145844e-05,0
development_07,4,search,2,4,2,0,4,0,1,0,0,2,0.4,0,0,0,completed,7.319595897570252e-05,3.6650977563112974e-05,2
development_07,4,no_review,2,4,2,0,4,0,0,0,0,0,0.0,0,1,0,completed,0.00012865604367107153,4.891096614301205e-05,0
