context,source_index,method,step,recipient,before,after,candidate,help,harm,accepted,rejected_harm,reasons,kind
e78f8b29-6085-43de-b32f-be1a68641be3,0,execute,0,83dcc128-9777-4ae2-ba55-50162ac43257,0.0,0.0,0.0,0,0,False,0,unsupported_representation,generated
e78f8b29-6085-43de-b32f-be1a68641be3,0,execute,0,dbee8930-0110-41c7-95fe-0178ddf4f841,0.0,0.0,0.0,0,0,False,0,unsupported_representation,generated
e78f8b29-6085-43de-b32f-be1a68641be3,0,execute,0,1665b441-93e5-481d-b0b4-2d28ce70e1a8,0.0,0.0,0.0,0,0,False,0,unsupported_representation,generated
e78f8b29-6085-43de-b32f-be1a68641be3,0,execute,0,2cec8a99-3a83-409b-886b-dbb65a05fb25,0.0,0.0,0.0,0,0,False,0,unsupported_representation,generated
e78f8b29-6085-43de-b32f-be1a68641be3,0,reattempt,1,9c569bea-e036-4c27-8e41-82c6efab1d31,1.0,1.0,1.0,0,0,True,0,,generated
e78f8b29-6085-43de-b32f-be1a68641be3,0,reattempt,1,83dcc128-9777-4ae2-ba55-50162ac43257,0.0,0.0,0.0,0,0,True,0,,generated
e78f8b29-6085-43de-b32f-be1a68641be3,0,reattempt,1,dbee8930-0110-41c7-95fe-0178ddf4f841,0.0,0.0,0.0,0,0,True,0,,generated
e78f8b29-6085-43de-b32f-be1a68641be3,0,reattempt,1,1665b441-93e5-481d-b0b4-2d28ce70e1a8,0.0,0.0,0.0,0,0,True,0,,generated
e78f8b29-6085-43de-b32f-be1a68641be3,0,reattempt,1,2cec8a99-3a83-409b-886b-dbb65a05fb25,0.0,0.0,0.0,0,0,True,0,,generated
e78f8b29-6085-43de-b32f-be1a68641be3,0,reattempt,2,83dcc128-9777-4ae2-ba55-50162ac43257,0.0,0.0,0.0,0,0,True,0,,generated
e78f8b29-6085-43de-b32f-be1a68641be3,0,reattempt,2,dbee8930-0110-41c7-95fe-0178ddf4f841,0.0,0.0,0.0,0,0,True,0,,generated
e78f8b29-6085-43de-b32f-be1a68641be3,0,reattempt,2,1665b441-93e5-481d-b0b4-2d28ce70e1a8,0.0,0.0,0.0,0,0,True,0,,generated
e78f8b29-6085-43de-b32f-be1a68641be3,0,reattempt,2,2cec8a99-3a83-409b-886b-dbb65a05fb25,0.0,0.0,0.0,0,0,True,0,,generated
e78f8b29-6085-43de-b32f-be1a68641be3,0,verify,0,83dcc128-9777-4ae2-ba55-50162ac43257,0.0,0.0,0.0,0,0,False,0,unsupported_representation,generated
e78f8b29-6085-43de-b32f-be1a68641be3,0,verify,0,dbee8930-0110-41c7-95fe-0178ddf4f841,0.0,0.0,0.0,0,0,False,0,unsupported_representation,generated
e78f8b29-6085-43de-b32f-be1a68641be3,0,verify,0,1665b441-93e5-481d-b0b4-2d28ce70e1a8,0.0,0.0,0.0,0,0,False,0,unsupported_representation,generated
e78f8b29-6085-43de-b32f-be1a68641be3,0,verify,0,2cec8a99-3a83-409b-886b-dbb65a05fb25,0.0,0.0,0.0,0,0,False,0,operation_contract,generated
e78f8b29-6085-43de-b32f-be1a68641be3,0,coarse,1,9c569bea-e036-4c27-8e41-82c6efab1d31,1.0,1.0,1.0,0,0,True,0,,generated
e78f8b29-6085-43de-b32f-be1a68641be3,0,coarse,1,83dcc128-9777-4ae2-ba55-50162ac43257,0.0,1.0,1.0,1,0,True,0,,generated
e78f8b29-6085-43de-b32f-be1a68641be3,0,coarse,1,dbee8930-0110-41c7-95fe-0178ddf4f841,0.0,0.0,0.0,0,0,True,0,,generated
e78f8b29-6085-43de-b32f-be1a68641be3,0,coarse,1,1665b441-93e5-481d-b0b4-2d28ce70e1a8,0.0,0.0,0.0,0,0,True,0,,generated
e78f8b29-6085-43de-b32f-be1a68641be3,0,coarse,1,2cec8a99-3a83-409b-886b-dbb65a05fb25,0.0,0.0,0.0,0,0,True,0,,generated
e78f8b29-6085-43de-b32f-be1a68641be3,0,coarse,2,83dcc128-9777-4ae2-ba55-50162ac43257,1.0,1.0,1.0,0,0,True,0,,generated
e78f8b29-6085-43de-b32f-be1a68641be3,0,coarse,2,dbee8930-0110-41c7-95fe-0178ddf4f841,0.0,0.0,0.0,0,0,True,0,,generated
e78f8b29-6085-43de-b32f-be1a68641be3,0,coarse,2,1665b441-93e5-481d-b0b4-2d28ce70e1a8,0.0,0.0,0.0,0,0,True,0,,generated
e78f8b29-6085-43de-b32f-be1a68641be3,0,coarse,2,2cec8a99-3a83-409b-886b-dbb65a05fb25,0.0,1.0,1.0,1,0,True,0,,generated
e78f8b29-6085-43de-b32f-be1a68641be3,0,patch,1,9c569bea-e036-4c27-8e41-82c6efab1d31,1.0,1.0,1.0,0,0,False,0,local_or_unsupported_patch,local
e78f8b29-6085-43de-b32f-be1a68641be3,0,patch,1,83dcc128-9777-4ae2-ba55-50162ac43257,0.0,0.0,0.0,0,0,False,0,local_or_unsupported_patch,local
e78f8b29-6085-43de-b32f-be1a68641be3,0,patch,1,dbee8930-0110-41c7-95fe-0178ddf4f841,0.0,0.0,0.0,0,0,False,0,local_or_unsupported_patch,local
e78f8b29-6085-43de-b32f-be1a68641be3,0,patch,1,1665b441-93e5-481d-b0b4-2d28ce70e1a8,0.0,0.0,0.0,0,0,False,0,local_or_unsupported_patch,local
e78f8b29-6085-43de-b32f-be1a68641be3,0,patch,1,2cec8a99-3a83-409b-886b-dbb65a05fb25,0.0,0.0,0.0,0,0,False,0,local_or_unsupported_patch,local
e78f8b29-6085-43de-b32f-be1a68641be3,0,patch,2,83dcc128-9777-4ae2-ba55-50162ac43257,0.0,0.0,0.0,0,0,False,0,local_or_unsupported_patch,local
e78f8b29-6085-43de-b32f-be1a68641be3,0,patch,2,dbee8930-0110-41c7-95fe-0178ddf4f841,0.0,0.0,0.0,0,0,False,0,local_or_unsupported_patch,local
e78f8b29-6085-43de-b32f-be1a68641be3,0,patch,2,1665b441-93e5-481d-b0b4-2d28ce70e1a8,0.0,0.0,0.0,0,0,False,0,local_or_unsupported_patch,local
e78f8b29-6085-43de-b32f-be1a68641be3,0,patch,2,2cec8a99-3a83-409b-886b-dbb65a05fb25,0.0,0.0,0.0,0,0,False,0,local_or_unsupported_patch,local
e78f8b29-6085-43de-b32f-be1a68641be3,0,no_applicability,1,9c569bea-e036-4c27-8e41-82c6efab1d31,1.0,1.0,1.0,0,0,False,0,local_or_unsupported_patch,local
e78f8b29-6085-43de-b32f-be1a68641be3,0,no_applicability,1,83dcc128-9777-4ae2-ba55-50162ac43257,0.0,0.0,0.0,0,0,False,0,local_or_unsupported_patch,local
e78f8b29-6085-43de-b32f-be1a68641be3,0,no_applicability,1,dbee8930-0110-41c7-95fe-0178ddf4f841,0.0,0.0,0.0,0,0,False,0,local_or_unsupported_patch,local
e78f8b29-6085-43de-b32f-be1a68641be3,0,no_applicability,1,1665b441-93e5-481d-b0b4-2d28ce70e1a8,0.0,0.0,0.0,0,0,False,0,local_or_unsupported_patch,local
e78f8b29-6085-43de-b32f-be1a68641be3,0,no_applicability,1,2cec8a99-3a83-409b-886b-dbb65a05fb25,0.0,0.0,0.0,0,0,False,0,local_or_unsupported_patch,local
e78f8b29-6085-43de-b32f-be1a68641be3,0,no_applicability,2,83dcc128-9777-4ae2-ba55-50162ac43257,0.0,0.0,0.0,0,0,False,0,local_or_unsupported_patch,local
e78f8b29-6085-43de-b32f-be1a68641be3,0,no_applicability,2,dbee8930-0110-41c7-95fe-0178ddf4f841,0.0,0.0,0.0,0,0,False,0,local_or_unsupported_patch,local
e78f8b29-6085-43de-b32f-be1a68641be3,0,no_applicability,2,1665b441-93e5-481d-b0b4-2d28ce70e1a8,0.0,0.0,0.0,0,0,False,0,local_or_unsupported_patch,local
e78f8b29-6085-43de-b32f-be1a68641be3,0,no_applicability,2,2cec8a99-3a83-409b-886b-dbb65a05fb25,0.0,0.0,0.0,0,0,False,0,local_or_unsupported_patch,local
98c16699-d385-4631-91de-1bc3c87f9f99,1,execute,0,dd2a72ca-f65c-4673-9820-f7cefcb06ee4,1.0,1.0,1.0,0,0,False,0,unsupported_representation,generated
98c16699-d385-4631-91de-1bc3c87f9f99,1,execute,0,f4410a2a-6ce4-484c-ba08-0261a6c74893,0.0,0.0,0.0,0,0,False,0,unsupported_representation,generated
98c16699-d385-4631-91de-1bc3c87f9f99,1,execute,0,b3091542-8205-4661-9a7d-4d466cdf3134,1.0,1.0,1.0,0,0,False,0,unsupported_representation,generated
98c16699-d385-4631-91de-1bc3c87f9f99,1,execute,0,6a462285-d663-4da7-b614-77a0dfb56a8c,0.0,0.0,0.0,0,0,False,0,execution:list index out of range,generated
98c16699-d385-4631-91de-1bc3c87f9f99,1,reattempt,1,dd2a72ca-f65c-4673-9820-f7cefcb06ee4,1.0,1.0,1.0,0,0,True,0,,generated
98c16699-d385-4631-91de-1bc3c87f9f99,1,reattempt,1,f4410a2a-6ce4-484c-ba08-0261a6c74893,0.0,0.0,0.0,0,0,True,0,,generated
98c16699-d385-4631-91de-1bc3c87f9f99,1,reattempt,1,b3091542-8205-4661-9a7d-4d466cdf3134,1.0,1.0,1.0,0,0,True,0,,generated
98c16699-d385-4631-91de-1bc3c87f9f99,1,reattempt,1,aa051557-3b4c-497f-b14e-2c8b8b2c99ef,0.0,0.0,0.0,0,0,True,0,,generated
98c16699-d385-4631-91de-1bc3c87f9f99,1,reattempt,1,6a462285-d663-4da7-b614-77a0dfb56a8c,0.0,0.0,0.0,0,0,True,0,,generated
98c16699-d385-4631-91de-1bc3c87f9f99,1,reattempt,2,dd2a72ca-f65c-4673-9820-f7cefcb06ee4,1.0,1.0,1.0,0,0,True,0,,generated
98c16699-d385-4631-91de-1bc3c87f9f99,1,reattempt,2,f4410a2a-6ce4-484c-ba08-0261a6c74893,0.0,0.0,0.0,0,0,True,0,,generated
98c16699-d385-4631-91de-1bc3c87f9f99,1,reattempt,2,b3091542-8205-4661-9a7d-4d466cdf3134,1.0,1.0,1.0,0,0,True,0,,generated
98c16699-d385-4631-91de-1bc3c87f9f99,1,reattempt,2,6a462285-d663-4da7-b614-77a0dfb56a8c,0.0,0.0,0.0,0,0,True,0,,generated
98c16699-d385-4631-91de-1bc3c87f9f99,1,verify,0,dd2a72ca-f65c-4673-9820-f7cefcb06ee4,1.0,1.0,1.0,0,0,False,0,unsupported_representation,generated
98c16699-d385-4631-91de-1bc3c87f9f99,1,verify,0,f4410a2a-6ce4-484c-ba08-0261a6c74893,0.0,0.0,0.0,0,0,False,0,unsupported_representation,generated
98c16699-d385-4631-91de-1bc3c87f9f99,1,verify,0,b3091542-8205-4661-9a7d-4d466cdf3134,1.0,1.0,1.0,0,0,False,0,unsupported_representation,generated
98c16699-d385-4631-91de-1bc3c87f9f99,1,verify,0,6a462285-d663-4da7-b614-77a0dfb56a8c,0.0,0.0,0.0,0,0,False,0,execution:list index out of range,generated
98c16699-d385-4631-91de-1bc3c87f9f99,1,coarse,1,dd2a72ca-f65c-4673-9820-f7cefcb06ee4,1.0,1.0,1.0,0,0,True,0,,generated
98c16699-d385-4631-91de-1bc3c87f9f99,1,coarse,1,f4410a2a-6ce4-484c-ba08-0261a6c74893,0.0,0.0,0.0,0,0,True,0,,generated
98c16699-d385-4631-91de-1bc3c87f9f99,1,coarse,1,b3091542-8205-4661-9a7d-4d466cdf3134,1.0,1.0,1.0,0,0,True,0,,generated
98c16699-d385-4631-91de-1bc3c87f9f99,1,coarse,1,aa051557-3b4c-497f-b14e-2c8b8b2c99ef,0.0,0.0,0.0,0,0,True,0,,generated
98c16699-d385-4631-91de-1bc3c87f9f99,1,coarse,1,6a462285-d663-4da7-b614-77a0dfb56a8c,0.0,0.0,0.0,0,0,True,0,,generated
98c16699-d385-4631-91de-1bc3c87f9f99,1,coarse,2,dd2a72ca-f65c-4673-9820-f7cefcb06ee4,1.0,1.0,1.0,0,0,True,0,,generated
98c16699-d385-4631-91de-1bc3c87f9f99,1,coarse,2,f4410a2a-6ce4-484c-ba08-0261a6c74893,0.0,0.0,0.0,0,0,True,0,,generated
98c16699-d385-4631-91de-1bc3c87f9f99,1,coarse,2,b3091542-8205-4661-9a7d-4d466cdf3134,1.0,1.0,1.0,0,0,True,0,,generated
98c16699-d385-4631-91de-1bc3c87f9f99,1,coarse,2,6a462285-d663-4da7-b614-77a0dfb56a8c,0.0,0.0,0.0,0,0,True,0,,generated
98c16699-d385-4631-91de-1bc3c87f9f99,1,patch,1,dd2a72ca-f65c-4673-9820-f7cefcb06ee4,1.0,1.0,1.0,0,0,False,0,local_or_unsupported_patch,local
98c16699-d385-4631-91de-1bc3c87f9f99,1,patch,1,f4410a2a-6ce4-484c-ba08-0261a6c74893,0.0,0.0,0.0,0,0,False,0,local_or_unsupported_patch,local
98c16699-d385-4631-91de-1bc3c87f9f99,1,patch,1,b3091542-8205-4661-9a7d-4d466cdf3134,1.0,1.0,1.0,0,0,False,0,local_or_unsupported_patch,local
98c16699-d385-4631-91de-1bc3c87f9f99,1,patch,1,aa051557-3b4c-497f-b14e-2c8b8b2c99ef,0.0,0.0,0.0,0,0,False,0,local_or_unsupported_patch,local
98c16699-d385-4631-91de-1bc3c87f9f99,1,patch,1,6a462285-d663-4da7-b614-77a0dfb56a8c,0.0,0.0,0.0,0,0,False,0,local_or_unsupported_patch,local
98c16699-d385-4631-91de-1bc3c87f9f99,1,patch,2,dd2a72ca-f65c-4673-9820-f7cefcb06ee4,1.0,1.0,1.0,0,0,False,0,local_or_unsupported_patch,local
98c16699-d385-4631-91de-1bc3c87f9f99,1,patch,2,f4410a2a-6ce4-484c-ba08-0261a6c74893,0.0,0.0,0.0,0,0,False,0,local_or_unsupported_patch,local
98c16699-d385-4631-91de-1bc3c87f9f99,1,patch,2,b3091542-8205-4661-9a7d-4d466cdf3134,1.0,1.0,1.0,0,0,False,0,local_or_unsupported_patch,local
98c16699-d385-4631-91de-1bc3c87f9f99,1,patch,2,6a462285-d663-4da7-b614-77a0dfb56a8c,0.0,0.0,0.0,0,0,False,0,local_or_unsupported_patch,local
98c16699-d385-4631-91de-1bc3c87f9f99,1,no_applicability,1,dd2a72ca-f65c-4673-9820-f7cefcb06ee4,1.0,1.0,1.0,0,0,False,0,local_or_unsupported_patch,local
98c16699-d385-4631-91de-1bc3c87f9f99,1,no_applicability,1,f4410a2a-6ce4-484c-ba08-0261a6c74893,0.0,0.0,0.0,0,0,False,0,local_or_unsupported_patch,local
98c16699-d385-4631-91de-1bc3c87f9f99,1,no_applicability,1,b3091542-8205-4661-9a7d-4d466cdf3134,1.0,1.0,1.0,0,0,False,0,local_or_unsupported_patch,local
98c16699-d385-4631-91de-1bc3c87f9f99,1,no_applicability,1,aa051557-3b4c-497f-b14e-2c8b8b2c99ef,0.0,0.0,0.0,0,0,False,0,local_or_unsupported_patch,local
98c16699-d385-4631-91de-1bc3c87f9f99,1,no_applicability,1,6a462285-d663-4da7-b614-77a0dfb56a8c,0.0,0.0,0.0,0,0,False,0,local_or_unsupported_patch,local
98c16699-d385-4631-91de-1bc3c87f9f99,1,no_applicability,2,dd2a72ca-f65c-4673-9820-f7cefcb06ee4,1.0,1.0,1.0,0,0,False,0,local_or_unsupported_patch,local
98c16699-d385-4631-91de-1bc3c87f9f99,1,no_applicability,2,f4410a2a-6ce4-484c-ba08-0261a6c74893,0.0,0.0,0.0,0,0,False,0,local_or_unsupported_patch,local
98c16699-d385-4631-91de-1bc3c87f9f99,1,no_applicability,2,b3091542-8205-4661-9a7d-4d466cdf3134,1.0,1.0,1.0,0,0,False,0,local_or_unsupported_patch,local
98c16699-d385-4631-91de-1bc3c87f9f99,1,no_applicability,2,6a462285-d663-4da7-b614-77a0dfb56a8c,0.0,0.0,0.0,0,0,False,0,local_or_unsupported_patch,local
991d23d7-f32d-4954-8e1d-87ad22470fcf,2,execute,0,9ef99ae1-e17b-4b51-b81e-48cc48a481d1,1.0,1.0,1.0,0,0,False,0,unsupported_representation,generated
991d23d7-f32d-4954-8e1d-87ad22470fcf,2,execute,0,49995e73-6740-40f5-9322-cfa4f0a4377d,1.0,1.0,1.0,0,0,False,0,unsupported_representation,generated
991d23d7-f32d-4954-8e1d-87ad22470fcf,2,execute,0,0a36372a-151d-432f-becb-5b2d738f0e56,0.0,0.0,0.0,0,0,False,0,unsupported_representation,generated
991d23d7-f32d-4954-8e1d-87ad22470fcf,2,execute,0,847400ae-6d72-4afa-9b2c-c9677578034a,0.0,0.0,0.0,0,0,False,0,unsupported_representation,generated
991d23d7-f32d-4954-8e1d-87ad22470fcf,2,reattempt,1,9ef99ae1-e17b-4b51-b81e-48cc48a481d1,1.0,1.0,1.0,0,0,True,0,,generated
991d23d7-f32d-4954-8e1d-87ad22470fcf,2,reattempt,1,49995e73-6740-40f5-9322-cfa4f0a4377d,1.0,1.0,1.0,0,0,True,0,,generated
991d23d7-f32d-4954-8e1d-87ad22470fcf,2,reattempt,1,0a36372a-151d-432f-becb-5b2d738f0e56,0.0,0.0,0.0,0,0,True,0,,generated
991d23d7-f32d-4954-8e1d-87ad22470fcf,2,reattempt,1,2965da5c-4d2a-402c-85c6-c1514f998285,0.0,0.0,0.0,0,0,True,0,,generated
991d23d7-f32d-4954-8e1d-87ad22470fcf,2,reattempt,1,847400ae-6d72-4afa-9b2c-c9677578034a,0.0,0.0,0.0,0,0,True,0,,generated
991d23d7-f32d-4954-8e1d-87ad22470fcf,2,reattempt,2,9ef99ae1-e17b-4b51-b81e-48cc48a481d1,1.0,1.0,1.0,0,0,True,0,,generated
991d23d7-f32d-4954-8e1d-87ad22470fcf,2,reattempt,2,49995e73-6740-40f5-9322-cfa4f0a4377d,1.0,1.0,1.0,0,0,True,0,,generated
991d23d7-f32d-4954-8e1d-87ad22470fcf,2,reattempt,2,0a36372a-151d-432f-becb-5b2d738f0e56,0.0,0.0,0.0,0,0,True,0,,generated
991d23d7-f32d-4954-8e1d-87ad22470fcf,2,reattempt,2,847400ae-6d72-4afa-9b2c-c9677578034a,0.0,0.0,0.0,0,0,True,0,,generated
991d23d7-f32d-4954-8e1d-87ad22470fcf,2,verify,0,9ef99ae1-e17b-4b51-b81e-48cc48a481d1,1.0,1.0,1.0,0,0,False,0,unsupported_representation,generated
991d23d7-f32d-4954-8e1d-87ad22470fcf,2,verify,0,49995e73-6740-40f5-9322-cfa4f0a4377d,1.0,1.0,1.0,0,0,False,0,unsupported_representation,generated
991d23d7-f32d-4954-8e1d-87ad22470fcf,2,verify,0,0a36372a-151d-432f-becb-5b2d738f0e56,0.0,0.0,0.0,0,0,False,0,unsupported_representation,generated
991d23d7-f32d-4954-8e1d-87ad22470fcf,2,verify,0,847400ae-6d72-4afa-9b2c-c9677578034a,0.0,0.0,0.0,0,0,False,0,period_binding,generated
991d23d7-f32d-4954-8e1d-87ad22470fcf,2,coarse,1,9ef99ae1-e17b-4b51-b81e-48cc48a481d1,1.0,1.0,1.0,0,0,True,0,,generated
991d23d7-f32d-4954-8e1d-87ad22470fcf,2,coarse,1,49995e73-6740-40f5-9322-cfa4f0a4377d,1.0,1.0,1.0,0,0,True,0,,generated
991d23d7-f32d-4954-8e1d-87ad22470fcf,2,coarse,1,0a36372a-151d-432f-becb-5b2d738f0e56,0.0,0.0,0.0,0,0,True,0,,generated
991d23d7-f32d-4954-8e1d-87ad22470fcf,2,coarse,1,2965da5c-4d2a-402c-85c6-c1514f998285,0.0,0.0,0.0,0,0,True,0,,generated
991d23d7-f32d-4954-8e1d-87ad22470fcf,2,coarse,1,847400ae-6d72-4afa-9b2c-c9677578034a,0.0,0.0,0.0,0,0,True,0,,generated
991d23d7-f32d-4954-8e1d-87ad22470fcf,2,coarse,2,9ef99ae1-e17b-4b51-b81e-48cc48a481d1,1.0,1.0,1.0,0,0,True,0,,generated
991d23d7-f32d-4954-8e1d-87ad22470fcf,2,coarse,2,49995e73-6740-40f5-9322-cfa4f0a4377d,1.0,1.0,1.0,0,0,True,0,,generated
991d23d7-f32d-4954-8e1d-87ad22470fcf,2,coarse,2,0a36372a-151d-432f-becb-5b2d738f0e56,0.0,0.0,0.0,0,0,True,0,,generated
991d23d7-f32d-4954-8e1d-87ad22470fcf,2,coarse,2,847400ae-6d72-4afa-9b2c-c9677578034a,0.0,0.0,0.0,0,0,True,0,,generated
991d23d7-f32d-4954-8e1d-87ad22470fcf,2,patch,1,9ef99ae1-e17b-4b51-b81e-48cc48a481d1,1.0,1.0,1.0,0,0,False,0,local_or_unsupported_patch,local
991d23d7-f32d-4954-8e1d-87ad22470fcf,2,patch,1,49995e73-6740-40f5-9322-cfa4f0a4377d,1.0,1.0,1.0,0,0,False,0,local_or_unsupported_patch,local
991d23d7-f32d-4954-8e1d-87ad22470fcf,2,patch,1,0a36372a-151d-432f-becb-5b2d738f0e56,0.0,0.0,0.0,0,0,False,0,local_or_unsupported_patch,local
991d23d7-f32d-4954-8e1d-87ad22470fcf,2,patch,1,2965da5c-4d2a-402c-85c6-c1514f998285,0.0,0.0,0.0,0,0,False,0,local_or_unsupported_patch,local
991d23d7-f32d-4954-8e1d-87ad22470fcf,2,patch,1,847400ae-6d72-4afa-9b2c-c9677578034a,0.0,0.0,0.0,0,0,False,0,local_or_unsupported_patch,local
991d23d7-f32d-4954-8e1d-87ad22470fcf,2,patch,2,9ef99ae1-e17b-4b51-b81e-48cc48a481d1,1.0,1.0,1.0,0,0,False,0,local_or_unsupported_patch,local
991d23d7-f32d-4954-8e1d-87ad22470fcf,2,patch,2,49995e73-6740-40f5-9322-cfa4f0a4377d,1.0,1.0,1.0,0,0,False,0,local_or_unsupported_patch,local
991d23d7-f32d-4954-8e1d-87ad22470fcf,2,patch,2,0a36372a-151d-432f-becb-5b2d738f0e56,0.0,0.0,0.0,0,0,False,0,local_or_unsupported_patch,local
991d23d7-f32d-4954-8e1d-87ad22470fcf,2,patch,2,847400ae-6d72-4afa-9b2c-c9677578034a,0.0,0.0,0.0,0,0,False,0,local_or_unsupported_patch,local
991d23d7-f32d-4954-8e1d-87ad22470fcf,2,no_applicability,1,9ef99ae1-e17b-4b51-b81e-48cc48a481d1,1.0,1.0,1.0,0,0,False,0,local_or_unsupported_patch,local
991d23d7-f32d-4954-8e1d-87ad22470fcf,2,no_applicability,1,49995e73-6740-40f5-9322-cfa4f0a4377d,1.0,1.0,1.0,0,0,False,0,local_or_unsupported_patch,local
991d23d7-f32d-4954-8e1d-87ad22470fcf,2,no_applicability,1,0a36372a-151d-432f-becb-5b2d738f0e56,0.0,0.0,0.0,0,0,False,0,local_or_unsupported_patch,local
991d23d7-f32d-4954-8e1d-87ad22470fcf,2,no_applicability,1,2965da5c-4d2a-402c-85c6-c1514f998285,0.0,0.0,0.0,0,0,False,0,local_or_unsupported_patch,local
991d23d7-f32d-4954-8e1d-87ad22470fcf,2,no_applicability,1,847400ae-6d72-4afa-9b2c-c9677578034a,0.0,0.0,0.0,0,0,False,0,local_or_unsupported_patch,local
991d23d7-f32d-4954-8e1d-87ad22470fcf,2,no_applicability,2,9ef99ae1-e17b-4b51-b81e-48cc48a481d1,1.0,1.0,1.0,0,0,False,0,local_or_unsupported_patch,local
991d23d7-f32d-4954-8e1d-87ad22470fcf,2,no_applicability,2,49995e73-6740-40f5-9322-cfa4f0a4377d,1.0,1.0,1.0,0,0,False,0,local_or_unsupported_patch,local
991d23d7-f32d-4954-8e1d-87ad22470fcf,2,no_applicability,2,0a36372a-151d-432f-becb-5b2d738f0e56,0.0,0.0,0.0,0,0,False,0,local_or_unsupported_patch,local
991d23d7-f32d-4954-8e1d-87ad22470fcf,2,no_applicability,2,847400ae-6d72-4afa-9b2c-c9677578034a,0.0,0.0,0.0,0,0,False,0,local_or_unsupported_patch,local
806ac467-ab50-428b-8584-baef6d6c4cee,3,execute,0,d4919a15-b02b-4392-99ae-9eccd114e0ff,0.0,0.0,0.0,0,0,False,0,unsupported_representation,generated
806ac467-ab50-428b-8584-baef6d6c4cee,3,execute,0,f14ec8e3-78ca-490c-afcd-fb53de9e3d0a,1.0,1.0,1.0,0,0,False,0,unsupported_representation,generated
806ac467-ab50-428b-8584-baef6d6c4cee,3,execute,0,5d471d72-8847-44c3-a732-a1fd3cdd57a0,0.0,0.0,0.0,0,0,False,0,unsupported_representation,generated
806ac467-ab50-428b-8584-baef6d6c4cee,3,execute,0,70cc2860-933e-415f-acc0-d49985ed86d3,0.0,0.0,0.0,0,0,False,0,unsupported_representation,generated
806ac467-ab50-428b-8584-baef6d6c4cee,3,reattempt,1,d4919a15-b02b-4392-99ae-9eccd114e0ff,0.0,0.0,0.0,0,0,True,0,,generated
806ac467-ab50-428b-8584-baef6d6c4cee,3,reattempt,1,f14ec8e3-78ca-490c-afcd-fb53de9e3d0a,1.0,0.0,0.0,0,1,True,0,,generated
806ac467-ab50-428b-8584-baef6d6c4cee,3,reattempt,1,5d471d72-8847-44c3-a732-a1fd3cdd57a0,0.0,0.0,0.0,0,0,True,0,,generated
806ac467-ab50-428b-8584-baef6d6c4cee,3,reattempt,1,70cc2860-933e-415f-acc0-d49985ed86d3,0.0,0.0,0.0,0,0,True,0,,generated
806ac467-ab50-428b-8584-baef6d6c4cee,3,reattempt,1,292786c8-d057-44e9-b6f8-e22e2390c4a7,0.0,0.0,0.0,0,0,True,0,,generated
806ac467-ab50-428b-8584-baef6d6c4cee,3,reattempt,2,d4919a15-b02b-4392-99ae-9eccd114e0ff,0.0,0.0,0.0,0,0,True,0,,generated
806ac467-ab50-428b-8584-baef6d6c4cee,3,reattempt,2,f14ec8e3-78ca-490c-afcd-fb53de9e3d0a,0.0,0.0,0.0,0,0,True,0,,generated
806ac467-ab50-428b-8584-baef6d6c4cee,3,reattempt,2,5d471d72-8847-44c3-a732-a1fd3cdd57a0,0.0,0.0,0.0,0,0,True,0,,generated
806ac467-ab50-428b-8584-baef6d6c4cee,3,reattempt,2,70cc2860-933e-415f-acc0-d49985ed86d3,0.0,0.0,0.0,0,0,True,0,,generated
806ac467-ab50-428b-8584-baef6d6c4cee,3,verify,0,d4919a15-b02b-4392-99ae-9eccd114e0ff,0.0,0.0,0.0,0,0,False,0,unsupported_representation,generated
806ac467-ab50-428b-8584-baef6d6c4cee,3,verify,0,f14ec8e3-78ca-490c-afcd-fb53de9e3d0a,1.0,1.0,0.0,0,0,False,1,unsupported_representation,generated
806ac467-ab50-428b-8584-baef6d6c4cee,3,verify,0,5d471d72-8847-44c3-a732-a1fd3cdd57a0,0.0,0.0,0.0,0,0,False,0,unsupported_representation,generated
806ac467-ab50-428b-8584-baef6d6c4cee,3,verify,0,70cc2860-933e-415f-acc0-d49985ed86d3,0.0,0.0,0.0,0,0,False,0,unsupported_representation,generated
806ac467-ab50-428b-8584-baef6d6c4cee,3,coarse,1,d4919a15-b02b-4392-99ae-9eccd114e0ff,0.0,0.0,0.0,0,0,True,0,,generated
806ac467-ab50-428b-8584-baef6d6c4cee,3,coarse,1,f14ec8e3-78ca-490c-afcd-fb53de9e3d0a,1.0,1.0,1.0,0,0,True,0,,generated
806ac467-ab50-428b-8584-baef6d6c4cee,3,coarse,1,5d471d72-8847-44c3-a732-a1fd3cdd57a0,0.0,0.0,0.0,0,0,True,0,,generated
806ac467-ab50-428b-8584-baef6d6c4cee,3,coarse,1,70cc2860-933e-415f-acc0-d49985ed86d3,0.0,0.0,0.0,0,0,True,0,,generated
806ac467-ab50-428b-8584-baef6d6c4cee,3,coarse,1,292786c8-d057-44e9-b6f8-e22e2390c4a7,0.0,0.0,0.0,0,0,True,0,,generated
806ac467-ab50-428b-8584-baef6d6c4cee,3,coarse,2,d4919a15-b02b-4392-99ae-9eccd114e0ff,0.0,0.0,0.0,0,0,True,0,,generated
806ac467-ab50-428b-8584-baef6d6c4cee,3,coarse,2,f14ec8e3-78ca-490c-afcd-fb53de9e3d0a,1.0,1.0,1.0,0,0,True,0,,generated
806ac467-ab50-428b-8584-baef6d6c4cee,3,coarse,2,5d471d72-8847-44c3-a732-a1fd3cdd57a0,0.0,0.0,0.0,0,0,True,0,,generated
806ac467-ab50-428b-8584-baef6d6c4cee,3,coarse,2,70cc2860-933e-415f-acc0-d49985ed86d3,0.0,0.0,0.0,0,0,True,0,,generated
806ac467-ab50-428b-8584-baef6d6c4cee,3,patch,1,d4919a15-b02b-4392-99ae-9eccd114e0ff,0.0,0.0,0.0,0,0,False,0,local_or_unsupported_patch,local
806ac467-ab50-428b-8584-baef6d6c4cee,3,patch,1,f14ec8e3-78ca-490c-afcd-fb53de9e3d0a,1.0,1.0,1.0,0,0,False,0,local_or_unsupported_patch,local
806ac467-ab50-428b-8584-baef6d6c4cee,3,patch,1,5d471d72-8847-44c3-a732-a1fd3cdd57a0,0.0,0.0,0.0,0,0,False,0,local_or_unsupported_patch,local
806ac467-ab50-428b-8584-baef6d6c4cee,3,patch,1,70cc2860-933e-415f-acc0-d49985ed86d3,0.0,0.0,0.0,0,0,False,0,local_or_unsupported_patch,local
806ac467-ab50-428b-8584-baef6d6c4cee,3,patch,1,292786c8-d057-44e9-b6f8-e22e2390c4a7,0.0,0.0,0.0,0,0,False,0,local_or_unsupported_patch,local
806ac467-ab50-428b-8584-baef6d6c4cee,3,patch,2,d4919a15-b02b-4392-99ae-9eccd114e0ff,0.0,0.0,0.0,0,0,False,0,local_or_unsupported_patch,local
806ac467-ab50-428b-8584-baef6d6c4cee,3,patch,2,f14ec8e3-78ca-490c-afcd-fb53de9e3d0a,1.0,1.0,1.0,0,0,False,0,local_or_unsupported_patch,local
806ac467-ab50-428b-8584-baef6d6c4cee,3,patch,2,5d471d72-8847-44c3-a732-a1fd3cdd57a0,0.0,0.0,0.0,0,0,False,0,local_or_unsupported_patch,local
806ac467-ab50-428b-8584-baef6d6c4cee,3,patch,2,70cc2860-933e-415f-acc0-d49985ed86d3,0.0,0.0,0.0,0,0,False,0,local_or_unsupported_patch,local
806ac467-ab50-428b-8584-baef6d6c4cee,3,no_applicability,1,d4919a15-b02b-4392-99ae-9eccd114e0ff,0.0,0.0,0.0,0,0,False,0,local_or_unsupported_patch,local
806ac467-ab50-428b-8584-baef6d6c4cee,3,no_applicability,1,f14ec8e3-78ca-490c-afcd-fb53de9e3d0a,1.0,1.0,1.0,0,0,False,0,local_or_unsupported_patch,local
806ac467-ab50-428b-8584-baef6d6c4cee,3,no_applicability,1,5d471d72-8847-44c3-a732-a1fd3cdd57a0,0.0,0.0,0.0,0,0,False,0,local_or_unsupported_patch,local
806ac467-ab50-428b-8584-baef6d6c4cee,3,no_applicability,1,70cc2860-933e-415f-acc0-d49985ed86d3,0.0,0.0,0.0,0,0,False,0,local_or_unsupported_patch,local
806ac467-ab50-428b-8584-baef6d6c4cee,3,no_applicability,1,292786c8-d057-44e9-b6f8-e22e2390c4a7,0.0,0.0,0.0,0,0,False,0,local_or_unsupported_patch,local
806ac467-ab50-428b-8584-baef6d6c4cee,3,no_applicability,2,d4919a15-b02b-4392-99ae-9eccd114e0ff,0.0,0.0,0.0,0,0,False,0,local_or_unsupported_patch,local
806ac467-ab50-428b-8584-baef6d6c4cee,3,no_applicability,2,f14ec8e3-78ca-490c-afcd-fb53de9e3d0a,1.0,1.0,1.0,0,0,False,0,local_or_unsupported_patch,local
806ac467-ab50-428b-8584-baef6d6c4cee,3,no_applicability,2,5d471d72-8847-44c3-a732-a1fd3cdd57a0,0.0,0.0,0.0,0,0,False,0,local_or_unsupported_patch,local
806ac467-ab50-428b-8584-baef6d6c4cee,3,no_applicability,2,70cc2860-933e-415f-acc0-d49985ed86d3,0.0,0.0,0.0,0,0,False,0,local_or_unsupported_patch,local
67111519-017b-4638-9a74-41eb792c2f0f,4,execute,0,2497017d-3e7d-475a-bbfd-e1f53db71e5c,0.0,0.0,0.0,0,0,False,0,unsupported_representation,generated
67111519-017b-4638-9a74-41eb792c2f0f,4,execute,0,4af6718b-f4d3-40c4-a966-5a58d9c88fd4,0.0,0.0,0.0,0,0,False,0,unsupported_representation,generated
67111519-017b-4638-9a74-41eb792c2f0f,4,execute,0,2c6cdd11-6b7e-44d0-be4b-e582a1c6f389,0.0,0.0,0.0,0,0,False,0,unsupported_representation,generated
67111519-017b-4638-9a74-41eb792c2f0f,4,execute,0,897c5ed0-edb7-43a1-95a1-a693b827535a,0.0,0.0,0.0,0,0,False,0,unsupported_representation,generated
67111519-017b-4638-9a74-41eb792c2f0f,4,reattempt,1,2497017d-3e7d-475a-bbfd-e1f53db71e5c,0.0,0.0,0.0,0,0,True,0,,generated
67111519-017b-4638-9a74-41eb792c2f0f,4,reattempt,1,4af6718b-f4d3-40c4-a966-5a58d9c88fd4,0.0,0.0,0.0,0,0,True,0,,generated
67111519-017b-4638-9a74-41eb792c2f0f,4,reattempt,1,60b4a92c-0acc-42b0-bbce-f66df867e4ca,1.0,1.0,1.0,0,0,True,0,,generated
67111519-017b-4638-9a74-41eb792c2f0f,4,reattempt,1,2c6cdd11-6b7e-44d0-be4b-e582a1c6f389,0.0,0.0,0.0,0,0,True,0,,generated
67111519-017b-4638-9a74-41eb792c2f0f,4,reattempt,1,897c5ed0-edb7-43a1-95a1-a693b827535a,0.0,0.0,0.0,0,0,True,0,,generated
67111519-017b-4638-9a74-41eb792c2f0f,4,reattempt,2,2497017d-3e7d-475a-bbfd-e1f53db71e5c,0.0,0.0,0.0,0,0,True,0,,generated
67111519-017b-4638-9a74-41eb792c2f0f,4,reattempt,2,4af6718b-f4d3-40c4-a966-5a58d9c88fd4,0.0,0.0,0.0,0,0,True,0,,generated
67111519-017b-4638-9a74-41eb792c2f0f,4,reattempt,2,2c6cdd11-6b7e-44d0-be4b-e582a1c6f389,0.0,0.0,0.0,0,0,True,0,,generated
67111519-017b-4638-9a74-41eb792c2f0f,4,reattempt,2,897c5ed0-edb7-43a1-95a1-a693b827535a,0.0,0.0,0.0,0,0,True,0,,generated
67111519-017b-4638-9a74-41eb792c2f0f,4,verify,0,2497017d-3e7d-475a-bbfd-e1f53db71e5c,0.0,0.0,0.0,0,0,False,0,operation_contract,generated
67111519-017b-4638-9a74-41eb792c2f0f,4,verify,0,4af6718b-f4d3-40c4-a966-5a58d9c88fd4,0.0,0.0,0.0,0,0,False,0,unsupported_representation,generated
67111519-017b-4638-9a74-41eb792c2f0f,4,verify,0,2c6cdd11-6b7e-44d0-be4b-e582a1c6f389,0.0,0.0,0.0,0,0,False,0,unsupported_representation,generated
67111519-017b-4638-9a74-41eb792c2f0f,4,verify,0,897c5ed0-edb7-43a1-95a1-a693b827535a,0.0,0.0,0.0,0,0,False,0,unsupported_representation,generated
67111519-017b-4638-9a74-41eb792c2f0f,4,coarse,1,2497017d-3e7d-475a-bbfd-e1f53db71e5c,0.0,0.0,0.0,0,0,True,0,,generated
67111519-017b-4638-9a74-41eb792c2f0f,4,coarse,1,4af6718b-f4d3-40c4-a966-5a58d9c88fd4,0.0,0.0,0.0,0,0,True,0,,generated
67111519-017b-4638-9a74-41eb792c2f0f,4,coarse,1,60b4a92c-0acc-42b0-bbce-f66df867e4ca,1.0,1.0,1.0,0,0,True,0,,generated
67111519-017b-4638-9a74-41eb792c2f0f,4,coarse,1,2c6cdd11-6b7e-44d0-be4b-e582a1c6f389,0.0,0.0,0.0,0,0,True,0,,generated
67111519-017b-4638-9a74-41eb792c2f0f,4,coarse,1,897c5ed0-edb7-43a1-95a1-a693b827535a,0.0,0.0,0.0,0,0,True,0,,generated
67111519-017b-4638-9a74-41eb792c2f0f,4,coarse,2,2497017d-3e7d-475a-bbfd-e1f53db71e5c,0.0,0.0,0.0,0,0,True,0,,generated
67111519-017b-4638-9a74-41eb792c2f0f,4,coarse,2,4af6718b-f4d3-40c4-a966-5a58d9c88fd4,0.0,0.0,0.0,0,0,True,0,,generated
67111519-017b-4638-9a74-41eb792c2f0f,4,coarse,2,2c6cdd11-6b7e-44d0-be4b-e582a1c6f389,0.0,0.0,0.0,0,0,True,0,,generated
67111519-017b-4638-9a74-41eb792c2f0f,4,coarse,2,897c5ed0-edb7-43a1-95a1-a693b827535a,0.0,0.0,0.0,0,0,True,0,,generated
67111519-017b-4638-9a74-41eb792c2f0f,4,patch,1,2497017d-3e7d-475a-bbfd-e1f53db71e5c,0.0,0.0,0.0,0,0,False,0,local_or_unsupported_patch,local
67111519-017b-4638-9a74-41eb792c2f0f,4,patch,1,4af6718b-f4d3-40c4-a966-5a58d9c88fd4,0.0,0.0,0.0,0,0,False,0,local_or_unsupported_patch,local
67111519-017b-4638-9a74-41eb792c2f0f,4,patch,1,60b4a92c-0acc-42b0-bbce-f66df867e4ca,1.0,1.0,1.0,0,0,False,0,local_or_unsupported_patch,local
67111519-017b-4638-9a74-41eb792c2f0f,4,patch,1,2c6cdd11-6b7e-44d0-be4b-e582a1c6f389,0.0,0.0,0.0,0,0,False,0,local_or_unsupported_patch,local
67111519-017b-4638-9a74-41eb792c2f0f,4,patch,1,897c5ed0-edb7-43a1-95a1-a693b827535a,0.0,0.0,0.0,0,0,False,0,local_or_unsupported_patch,local
67111519-017b-4638-9a74-41eb792c2f0f,4,patch,2,2497017d-3e7d-475a-bbfd-e1f53db71e5c,0.0,0.0,0.0,0,0,False,0,local_or_unsupported_patch,local
67111519-017b-4638-9a74-41eb792c2f0f,4,patch,2,4af6718b-f4d3-40c4-a966-5a58d9c88fd4,0.0,0.0,0.0,0,0,False,0,local_or_unsupported_patch,local
67111519-017b-4638-9a74-41eb792c2f0f,4,patch,2,2c6cdd11-6b7e-44d0-be4b-e582a1c6f389,0.0,0.0,0.0,0,0,False,0,local_or_unsupported_patch,local
67111519-017b-4638-9a74-41eb792c2f0f,4,patch,2,897c5ed0-edb7-43a1-95a1-a693b827535a,0.0,0.0,0.0,0,0,False,0,local_or_unsupported_patch,local
67111519-017b-4638-9a74-41eb792c2f0f,4,no_applicability,1,2497017d-3e7d-475a-bbfd-e1f53db71e5c,0.0,0.0,0.0,0,0,False,0,local_or_unsupported_patch,local
67111519-017b-4638-9a74-41eb792c2f0f,4,no_applicability,1,4af6718b-f4d3-40c4-a966-5a58d9c88fd4,0.0,0.0,0.0,0,0,False,0,local_or_unsupported_patch,local
67111519-017b-4638-9a74-41eb792c2f0f,4,no_applicability,1,60b4a92c-0acc-42b0-bbce-f66df867e4ca,1.0,1.0,1.0,0,0,False,0,local_or_unsupported_patch,local
67111519-017b-4638-9a74-41eb792c2f0f,4,no_applicability,1,2c6cdd11-6b7e-44d0-be4b-e582a1c6f389,0.0,0.0,0.0,0,0,False,0,local_or_unsupported_patch,local
67111519-017b-4638-9a74-41eb792c2f0f,4,no_applicability,1,897c5ed0-edb7-43a1-95a1-a693b827535a,0.0,0.0,0.0,0,0,False,0,local_or_unsupported_patch,local
67111519-017b-4638-9a74-41eb792c2f0f,4,no_applicability,2,2497017d-3e7d-475a-bbfd-e1f53db71e5c,0.0,0.0,0.0,0,0,False,0,local_or_unsupported_patch,local
67111519-017b-4638-9a74-41eb792c2f0f,4,no_applicability,2,4af6718b-f4d3-40c4-a966-5a58d9c88fd4,0.0,0.0,0.0,0,0,False,0,local_or_unsupported_patch,local
67111519-017b-4638-9a74-41eb792c2f0f,4,no_applicability,2,2c6cdd11-6b7e-44d0-be4b-e582a1c6f389,0.0,0.0,0.0,0,0,False,0,local_or_unsupported_patch,local
67111519-017b-4638-9a74-41eb792c2f0f,4,no_applicability,2,897c5ed0-edb7-43a1-95a1-a693b827535a,0.0,0.0,0.0,0,0,False,0,local_or_unsupported_patch,local
635228dd-44ae-4ad2-817d-2079a9ceb320,5,execute,0,6ae2c15d-9722-4ce8-8c70-0e27577d55f1,0.0,0.0,0.0,0,0,False,0,unsupported_representation,generated
635228dd-44ae-4ad2-817d-2079a9ceb320,5,execute,0,fd851472-5853-43f3-805a-de69a4637d56,1.0,1.0,1.0,0,0,False,0,unsupported_representation,generated
635228dd-44ae-4ad2-817d-2079a9ceb320,5,execute,0,fe42645d-c4c4-4892-ac79-a605c0f4e0cf,1.0,1.0,1.0,0,0,False,0,unsupported_representation,generated
635228dd-44ae-4ad2-817d-2079a9ceb320,5,execute,0,0dc550d6-ba0a-4f46-b606-b102f5441631,1.0,1.0,1.0,0,0,True,0,,generated
635228dd-44ae-4ad2-817d-2079a9ceb320,5,reattempt,1,6ae2c15d-9722-4ce8-8c70-0e27577d55f1,0.0,0.0,0.0,0,0,True,0,,generated
635228dd-44ae-4ad2-817d-2079a9ceb320,5,reattempt,1,fd851472-5853-43f3-805a-de69a4637d56,1.0,1.0,1.0,0,0,True,0,,generated
635228dd-44ae-4ad2-817d-2079a9ceb320,5,reattempt,1,fe42645d-c4c4-4892-ac79-a605c0f4e0cf,1.0,1.0,1.0,0,0,True,0,,generated
635228dd-44ae-4ad2-817d-2079a9ceb320,5,reattempt,1,0dc550d6-ba0a-4f46-b606-b102f5441631,1.0,1.0,1.0,0,0,True,0,,generated
635228dd-44ae-4ad2-817d-2079a9ceb320,5,reattempt,1,34c51b4d-4240-4767-b57c-363250b74a64,0.0,0.0,0.0,0,0,True,0,,generated
635228dd-44ae-4ad2-817d-2079a9ceb320,5,reattempt,2,6ae2c15d-9722-4ce8-8c70-0e27577d55f1,0.0,0.0,0.0,0,0,True,0,,generated
635228dd-44ae-4ad2-817d-2079a9ceb320,5,reattempt,2,fd851472-5853-43f3-805a-de69a4637d56,1.0,1.0,1.0,0,0,True,0,,generated
635228dd-44ae-4ad2-817d-2079a9ceb320,5,reattempt,2,fe42645d-c4c4-4892-ac79-a605c0f4e0cf,1.0,1.0,1.0,0,0,True,0,,generated
635228dd-44ae-4ad2-817d-2079a9ceb320,5,reattempt,2,0dc550d6-ba0a-4f46-b606-b102f5441631,1.0,1.0,1.0,0,0,True,0,,generated
635228dd-44ae-4ad2-817d-2079a9ceb320,5,verify,0,6ae2c15d-9722-4ce8-8c70-0e27577d55f1,0.0,0.0,0.0,0,0,False,0,unsupported_representation,generated
635228dd-44ae-4ad2-817d-2079a9ceb320,5,verify,0,fd851472-5853-43f3-805a-de69a4637d56,1.0,1.0,1.0,0,0,False,0,unsupported_representation,generated
635228dd-44ae-4ad2-817d-2079a9ceb320,5,verify,0,fe42645d-c4c4-4892-ac79-a605c0f4e0cf,1.0,1.0,1.0,0,0,False,0,unsupported_representation,generated
635228dd-44ae-4ad2-817d-2079a9ceb320,5,verify,0,0dc550d6-ba0a-4f46-b606-b102f5441631,1.0,1.0,1.0,0,0,True,0,,generated
635228dd-44ae-4ad2-817d-2079a9ceb320,5,coarse,1,6ae2c15d-9722-4ce8-8c70-0e27577d55f1,0.0,0.0,0.0,0,0,True,0,,generated
635228dd-44ae-4ad2-817d-2079a9ceb320,5,coarse,1,fd851472-5853-43f3-805a-de69a4637d56,1.0,1.0,1.0,0,0,True,0,,generated
635228dd-44ae-4ad2-817d-2079a9ceb320,5,coarse,1,fe42645d-c4c4-4892-ac79-a605c0f4e0cf,1.0,1.0,1.0,0,0,True,0,,generated
635228dd-44ae-4ad2-817d-2079a9ceb320,5,coarse,1,0dc550d6-ba0a-4f46-b606-b102f5441631,1.0,1.0,1.0,0,0,True,0,,generated
635228dd-44ae-4ad2-817d-2079a9ceb320,5,coarse,1,34c51b4d-4240-4767-b57c-363250b74a64,0.0,0.0,0.0,0,0,True,0,,generated
635228dd-44ae-4ad2-817d-2079a9ceb320,5,coarse,2,6ae2c15d-9722-4ce8-8c70-0e27577d55f1,0.0,0.0,0.0,0,0,True,0,,generated
635228dd-44ae-4ad2-817d-2079a9ceb320,5,coarse,2,fd851472-5853-43f3-805a-de69a4637d56,1.0,1.0,1.0,0,0,True,0,,generated
635228dd-44ae-4ad2-817d-2079a9ceb320,5,coarse,2,fe42645d-c4c4-4892-ac79-a605c0f4e0cf,1.0,1.0,1.0,0,0,True,0,,generated
635228dd-44ae-4ad2-817d-2079a9ceb320,5,coarse,2,0dc550d6-ba0a-4f46-b606-b102f5441631,1.0,1.0,1.0,0,0,True,0,,generated
635228dd-44ae-4ad2-817d-2079a9ceb320,5,patch,1,6ae2c15d-9722-4ce8-8c70-0e27577d55f1,0.0,0.0,0.0,0,0,False,0,local_or_unsupported_patch,local
635228dd-44ae-4ad2-817d-2079a9ceb320,5,patch,1,fd851472-5853-43f3-805a-de69a4637d56,1.0,1.0,1.0,0,0,False,0,local_or_unsupported_patch,local
635228dd-44ae-4ad2-817d-2079a9ceb320,5,patch,1,fe42645d-c4c4-4892-ac79-a605c0f4e0cf,1.0,1.0,1.0,0,0,False,0,local_or_unsupported_patch,local
635228dd-44ae-4ad2-817d-2079a9ceb320,5,patch,1,0dc550d6-ba0a-4f46-b606-b102f5441631,1.0,1.0,1.0,0,0,False,0,local_or_unsupported_patch,local
635228dd-44ae-4ad2-817d-2079a9ceb320,5,patch,1,34c51b4d-4240-4767-b57c-363250b74a64,0.0,0.0,0.0,0,0,False,0,local_or_unsupported_patch,local
635228dd-44ae-4ad2-817d-2079a9ceb320,5,patch,2,6ae2c15d-9722-4ce8-8c70-0e27577d55f1,0.0,0.0,0.0,0,0,False,0,local_or_unsupported_patch,local
635228dd-44ae-4ad2-817d-2079a9ceb320,5,patch,2,fd851472-5853-43f3-805a-de69a4637d56,1.0,1.0,1.0,0,0,False,0,local_or_unsupported_patch,local
635228dd-44ae-4ad2-817d-2079a9ceb320,5,patch,2,fe42645d-c4c4-4892-ac79-a605c0f4e0cf,1.0,1.0,1.0,0,0,False,0,local_or_unsupported_patch,local
635228dd-44ae-4ad2-817d-2079a9ceb320,5,patch,2,0dc550d6-ba0a-4f46-b606-b102f5441631,1.0,1.0,1.0,0,0,False,0,local_or_unsupported_patch,local
635228dd-44ae-4ad2-817d-2079a9ceb320,5,no_applicability,1,6ae2c15d-9722-4ce8-8c70-0e27577d55f1,0.0,0.0,0.0,0,0,False,0,local_or_unsupported_patch,local
635228dd-44ae-4ad2-817d-2079a9ceb320,5,no_applicability,1,fd851472-5853-43f3-805a-de69a4637d56,1.0,1.0,1.0,0,0,False,0,local_or_unsupported_patch,local
635228dd-44ae-4ad2-817d-2079a9ceb320,5,no_applicability,1,fe42645d-c4c4-4892-ac79-a605c0f4e0cf,1.0,1.0,1.0,0,0,False,0,local_or_unsupported_patch,local
635228dd-44ae-4ad2-817d-2079a9ceb320,5,no_applicability,1,0dc550d6-ba0a-4f46-b606-b102f5441631,1.0,1.0,1.0,0,0,False,0,local_or_unsupported_patch,local
635228dd-44ae-4ad2-817d-2079a9ceb320,5,no_applicability,1,34c51b4d-4240-4767-b57c-363250b74a64,0.0,0.0,0.0,0,0,False,0,local_or_unsupported_patch,local
635228dd-44ae-4ad2-817d-2079a9ceb320,5,no_applicability,2,6ae2c15d-9722-4ce8-8c70-0e27577d55f1,0.0,0.0,0.0,0,0,False,0,local_or_unsupported_patch,local
635228dd-44ae-4ad2-817d-2079a9ceb320,5,no_applicability,2,fd851472-5853-43f3-805a-de69a4637d56,1.0,1.0,1.0,0,0,False,0,local_or_unsupported_patch,local
635228dd-44ae-4ad2-817d-2079a9ceb320,5,no_applicability,2,fe42645d-c4c4-4892-ac79-a605c0f4e0cf,1.0,1.0,1.0,0,0,False,0,local_or_unsupported_patch,local
635228dd-44ae-4ad2-817d-2079a9ceb320,5,no_applicability,2,0dc550d6-ba0a-4f46-b606-b102f5441631,1.0,1.0,1.0,0,0,False,0,local_or_unsupported_patch,local
dd47151a-e645-492f-af54-08e3e5b4254d,6,execute,0,f1eeaafb-40e5-47aa-8614-5667480515b0,0.0,0.0,0.0,0,0,False,0,unsupported_representation,generated
dd47151a-e645-492f-af54-08e3e5b4254d,6,execute,0,8ee547bf-784c-4fbd-a5b1-adc151550fdd,1.0,1.0,1.0,0,0,False,0,unsupported_representation,generated
dd47151a-e645-492f-af54-08e3e5b4254d,6,execute,0,15c0a851-5b49-4515-a264-b480faf0c64f,1.0,1.0,1.0,0,0,False,0,unsupported_representation,generated
dd47151a-e645-492f-af54-08e3e5b4254d,6,execute,0,e925d7ab-a48c-497f-9f00-29005b315ca2,1.0,1.0,1.0,0,0,False,0,unsupported_representation,generated
dd47151a-e645-492f-af54-08e3e5b4254d,6,reattempt,1,f1eeaafb-40e5-47aa-8614-5667480515b0,0.0,0.0,0.0,0,0,True,0,,generated
dd47151a-e645-492f-af54-08e3e5b4254d,6,reattempt,1,8ee547bf-784c-4fbd-a5b1-adc151550fdd,1.0,1.0,1.0,0,0,True,0,,generated
dd47151a-e645-492f-af54-08e3e5b4254d,6,reattempt,1,15c0a851-5b49-4515-a264-b480faf0c64f,1.0,1.0,1.0,0,0,True,0,,generated
dd47151a-e645-492f-af54-08e3e5b4254d,6,reattempt,1,37a02df3-f6f6-4981-8d60-71a587c6db9f,0.0,0.0,0.0,0,0,True,0,,generated
dd47151a-e645-492f-af54-08e3e5b4254d,6,reattempt,1,e925d7ab-a48c-497f-9f00-29005b315ca2,1.0,1.0,1.0,0,0,True,0,,generated
dd47151a-e645-492f-af54-08e3e5b4254d,6,reattempt,2,f1eeaafb-40e5-47aa-8614-5667480515b0,0.0,0.0,0.0,0,0,True,0,,generated
dd47151a-e645-492f-af54-08e3e5b4254d,6,reattempt,2,8ee547bf-784c-4fbd-a5b1-adc151550fdd,1.0,1.0,1.0,0,0,True,0,,generated
dd47151a-e645-492f-af54-08e3e5b4254d,6,reattempt,2,15c0a851-5b49-4515-a264-b480faf0c64f,1.0,1.0,1.0,0,0,True,0,,generated
dd47151a-e645-492f-af54-08e3e5b4254d,6,reattempt,2,e925d7ab-a48c-497f-9f00-29005b315ca2,1.0,1.0,1.0,0,0,True,0,,generated
dd47151a-e645-492f-af54-08e3e5b4254d,6,verify,0,f1eeaafb-40e5-47aa-8614-5667480515b0,0.0,0.0,0.0,0,0,False,0,unsupported_representation,generated
dd47151a-e645-492f-af54-08e3e5b4254d,6,verify,0,8ee547bf-784c-4fbd-a5b1-adc151550fdd,1.0,1.0,1.0,0,0,False,0,unsupported_representation,generated
dd47151a-e645-492f-af54-08e3e5b4254d,6,verify,0,15c0a851-5b49-4515-a264-b480faf0c64f,1.0,1.0,1.0,0,0,False,0,unsupported_representation,generated
dd47151a-e645-492f-af54-08e3e5b4254d,6,verify,0,e925d7ab-a48c-497f-9f00-29005b315ca2,1.0,1.0,1.0,0,0,False,0,unsupported_representation,generated
dd47151a-e645-492f-af54-08e3e5b4254d,6,coarse,1,f1eeaafb-40e5-47aa-8614-5667480515b0,0.0,0.0,0.0,0,0,True,0,,generated
dd47151a-e645-492f-af54-08e3e5b4254d,6,coarse,1,8ee547bf-784c-4fbd-a5b1-adc151550fdd,1.0,1.0,1.0,0,0,True,0,,generated
dd47151a-e645-492f-af54-08e3e5b4254d,6,coarse,1,15c0a851-5b49-4515-a264-b480faf0c64f,1.0,1.0,1.0,0,0,True,0,,generated
dd47151a-e645-492f-af54-08e3e5b4254d,6,coarse,1,37a02df3-f6f6-4981-8d60-71a587c6db9f,0.0,0.0,0.0,0,0,True,0,,generated
dd47151a-e645-492f-af54-08e3e5b4254d,6,coarse,1,e925d7ab-a48c-497f-9f00-29005b315ca2,1.0,1.0,1.0,0,0,True,0,,generated
dd47151a-e645-492f-af54-08e3e5b4254d,6,coarse,2,f1eeaafb-40e5-47aa-8614-5667480515b0,0.0,0.0,0.0,0,0,True,0,,generated
dd47151a-e645-492f-af54-08e3e5b4254d,6,coarse,2,8ee547bf-784c-4fbd-a5b1-adc151550fdd,1.0,1.0,1.0,0,0,True,0,,generated
dd47151a-e645-492f-af54-08e3e5b4254d,6,coarse,2,15c0a851-5b49-4515-a264-b480faf0c64f,1.0,1.0,1.0,0,0,True,0,,generated
dd47151a-e645-492f-af54-08e3e5b4254d,6,coarse,2,e925d7ab-a48c-497f-9f00-29005b315ca2,1.0,1.0,1.0,0,0,True,0,,generated
dd47151a-e645-492f-af54-08e3e5b4254d,6,patch,1,f1eeaafb-40e5-47aa-8614-5667480515b0,0.0,0.0,0.0,0,0,False,0,local_or_unsupported_patch,local
dd47151a-e645-492f-af54-08e3e5b4254d,6,patch,1,8ee547bf-784c-4fbd-a5b1-adc151550fdd,1.0,1.0,1.0,0,0,False,0,local_or_unsupported_patch,local
dd47151a-e645-492f-af54-08e3e5b4254d,6,patch,1,15c0a851-5b49-4515-a264-b480faf0c64f,1.0,1.0,1.0,0,0,False,0,local_or_unsupported_patch,local
dd47151a-e645-492f-af54-08e3e5b4254d,6,patch,1,37a02df3-f6f6-4981-8d60-71a587c6db9f,0.0,0.0,0.0,0,0,False,0,local_or_unsupported_patch,local
dd47151a-e645-492f-af54-08e3e5b4254d,6,patch,1,e925d7ab-a48c-497f-9f00-29005b315ca2,1.0,1.0,1.0,0,0,False,0,local_or_unsupported_patch,local
dd47151a-e645-492f-af54-08e3e5b4254d,6,patch,2,f1eeaafb-40e5-47aa-8614-5667480515b0,0.0,0.0,0.0,0,0,False,0,local_or_unsupported_patch,local
dd47151a-e645-492f-af54-08e3e5b4254d,6,patch,2,8ee547bf-784c-4fbd-a5b1-adc151550fdd,1.0,1.0,1.0,0,0,False,0,local_or_unsupported_patch,local
dd47151a-e645-492f-af54-08e3e5b4254d,6,patch,2,15c0a851-5b49-4515-a264-b480faf0c64f,1.0,1.0,1.0,0,0,False,0,local_or_unsupported_patch,local
dd47151a-e645-492f-af54-08e3e5b4254d,6,patch,2,e925d7ab-a48c-497f-9f00-29005b315ca2,1.0,1.0,1.0,0,0,False,0,local_or_unsupported_patch,local
dd47151a-e645-492f-af54-08e3e5b4254d,6,no_applicability,1,f1eeaafb-40e5-47aa-8614-5667480515b0,0.0,0.0,0.0,0,0,False,0,local_or_unsupported_patch,local
dd47151a-e645-492f-af54-08e3e5b4254d,6,no_applicability,1,8ee547bf-784c-4fbd-a5b1-adc151550fdd,1.0,1.0,1.0,0,0,False,0,local_or_unsupported_patch,local
dd47151a-e645-492f-af54-08e3e5b4254d,6,no_applicability,1,15c0a851-5b49-4515-a264-b480faf0c64f,1.0,1.0,1.0,0,0,False,0,local_or_unsupported_patch,local
dd47151a-e645-492f-af54-08e3e5b4254d,6,no_applicability,1,37a02df3-f6f6-4981-8d60-71a587c6db9f,0.0,0.0,0.0,0,0,False,0,local_or_unsupported_patch,local
dd47151a-e645-492f-af54-08e3e5b4254d,6,no_applicability,1,e925d7ab-a48c-497f-9f00-29005b315ca2,1.0,1.0,1.0,0,0,False,0,local_or_unsupported_patch,local
dd47151a-e645-492f-af54-08e3e5b4254d,6,no_applicability,2,f1eeaafb-40e5-47aa-8614-5667480515b0,0.0,0.0,0.0,0,0,False,0,local_or_unsupported_patch,local
dd47151a-e645-492f-af54-08e3e5b4254d,6,no_applicability,2,8ee547bf-784c-4fbd-a5b1-adc151550fdd,1.0,1.0,1.0,0,0,False,0,local_or_unsupported_patch,local
dd47151a-e645-492f-af54-08e3e5b4254d,6,no_applicability,2,15c0a851-5b49-4515-a264-b480faf0c64f,1.0,1.0,1.0,0,0,False,0,local_or_unsupported_patch,local
dd47151a-e645-492f-af54-08e3e5b4254d,6,no_applicability,2,e925d7ab-a48c-497f-9f00-29005b315ca2,1.0,1.0,1.0,0,0,False,0,local_or_unsupported_patch,local
eaf92f5c-0a32-4cad-9919-067ae4c20978,7,execute,0,49e19b33-4aa5-47dc-aeb1-3370f08ead0a,0.0,0.0,0.0,0,0,False,0,unsupported_representation,generated
eaf92f5c-0a32-4cad-9919-067ae4c20978,7,execute,0,0743385d-68cd-4a00-aa67-a593bf2638bd,0.0,0.0,0.0,0,0,False,0,unsupported_representation,generated
eaf92f5c-0a32-4cad-9919-067ae4c20978,7,execute,0,7bdf70f2-45b5-485b-b3b3-c967f28f38f1,0.0,0.0,0.0,0,0,False,0,execution:list index out of range,generated
eaf92f5c-0a32-4cad-9919-067ae4c20978,7,execute,0,2540bb8a-19ac-481a-9a70-08a5a406889b,0.0,0.0,0.0,0,0,False,0,unsupported_representation,generated
eaf92f5c-0a32-4cad-9919-067ae4c20978,7,reattempt,1,49e19b33-4aa5-47dc-aeb1-3370f08ead0a,0.0,0.0,0.0,0,0,True,0,,generated
eaf92f5c-0a32-4cad-9919-067ae4c20978,7,reattempt,1,0743385d-68cd-4a00-aa67-a593bf2638bd,0.0,0.0,0.0,0,0,True,0,,generated
eaf92f5c-0a32-4cad-9919-067ae4c20978,7,reattempt,1,7bdf70f2-45b5-485b-b3b3-c967f28f38f1,0.0,0.0,0.0,0,0,True,0,,generated
eaf92f5c-0a32-4cad-9919-067ae4c20978,7,reattempt,1,3e1a88fd-b2f4-40dd-a7f1-baef93720d4a,0.0,0.0,0.0,0,0,True,0,,generated
eaf92f5c-0a32-4cad-9919-067ae4c20978,7,reattempt,1,2540bb8a-19ac-481a-9a70-08a5a406889b,0.0,0.0,0.0,0,0,True,0,,generated
eaf92f5c-0a32-4cad-9919-067ae4c20978,7,reattempt,2,49e19b33-4aa5-47dc-aeb1-3370f08ead0a,0.0,0.0,0.0,0,0,True,0,,generated
eaf92f5c-0a32-4cad-9919-067ae4c20978,7,reattempt,2,0743385d-68cd-4a00-aa67-a593bf2638bd,0.0,0.0,0.0,0,0,True,0,,generated
eaf92f5c-0a32-4cad-9919-067ae4c20978,7,reattempt,2,7bdf70f2-45b5-485b-b3b3-c967f28f38f1,0.0,0.0,0.0,0,0,True,0,,generated
eaf92f5c-0a32-4cad-9919-067ae4c20978,7,reattempt,2,2540bb8a-19ac-481a-9a70-08a5a406889b,0.0,0.0,0.0,0,0,True,0,,generated
eaf92f5c-0a32-4cad-9919-067ae4c20978,7,verify,0,49e19b33-4aa5-47dc-aeb1-3370f08ead0a,0.0,0.0,0.0,0,0,False,0,unsupported_representation,generated
eaf92f5c-0a32-4cad-9919-067ae4c20978,7,verify,0,0743385d-68cd-4a00-aa67-a593bf2638bd,0.0,0.0,0.0,0,0,False,0,unsupported_representation,generated
eaf92f5c-0a32-4cad-9919-067ae4c20978,7,verify,0,7bdf70f2-45b5-485b-b3b3-c967f28f38f1,0.0,0.0,0.0,0,0,False,0,execution:list index out of range,generated
eaf92f5c-0a32-4cad-9919-067ae4c20978,7,verify,0,2540bb8a-19ac-481a-9a70-08a5a406889b,0.0,0.0,0.0,0,0,False,0,unsupported_representation,generated
eaf92f5c-0a32-4cad-9919-067ae4c20978,7,coarse,1,49e19b33-4aa5-47dc-aeb1-3370f08ead0a,0.0,0.0,0.0,0,0,True,0,,generated
eaf92f5c-0a32-4cad-9919-067ae4c20978,7,coarse,1,0743385d-68cd-4a00-aa67-a593bf2638bd,0.0,0.0,0.0,0,0,True,0,,generated
eaf92f5c-0a32-4cad-9919-067ae4c20978,7,coarse,1,7bdf70f2-45b5-485b-b3b3-c967f28f38f1,0.0,0.0,0.0,0,0,True,0,,generated
eaf92f5c-0a32-4cad-9919-067ae4c20978,7,coarse,1,3e1a88fd-b2f4-40dd-a7f1-baef93720d4a,0.0,0.0,0.0,0,0,True,0,,generated
eaf92f5c-0a32-4cad-9919-067ae4c20978,7,coarse,1,2540bb8a-19ac-481a-9a70-08a5a406889b,0.0,0.0,0.0,0,0,True,0,,generated
eaf92f5c-0a32-4cad-9919-067ae4c20978,7,coarse,2,49e19b33-4aa5-47dc-aeb1-3370f08ead0a,0.0,0.0,0.0,0,0,True,0,,generated
eaf92f5c-0a32-4cad-9919-067ae4c20978,7,coarse,2,0743385d-68cd-4a00-aa67-a593bf2638bd,0.0,0.0,0.0,0,0,True,0,,generated
eaf92f5c-0a32-4cad-9919-067ae4c20978,7,coarse,2,7bdf70f2-45b5-485b-b3b3-c967f28f38f1,0.0,0.0,0.0,0,0,True,0,,generated
eaf92f5c-0a32-4cad-9919-067ae4c20978,7,coarse,2,2540bb8a-19ac-481a-9a70-08a5a406889b,0.0,0.0,0.0,0,0,True,0,,generated
eaf92f5c-0a32-4cad-9919-067ae4c20978,7,patch,1,49e19b33-4aa5-47dc-aeb1-3370f08ead0a,0.0,0.0,0.0,0,0,False,0,local_or_unsupported_patch,local
eaf92f5c-0a32-4cad-9919-067ae4c20978,7,patch,1,0743385d-68cd-4a00-aa67-a593bf2638bd,0.0,0.0,0.0,0,0,False,0,local_or_unsupported_patch,local
eaf92f5c-0a32-4cad-9919-067ae4c20978,7,patch,1,7bdf70f2-45b5-485b-b3b3-c967f28f38f1,0.0,0.0,0.0,0,0,False,0,local_or_unsupported_patch,local
eaf92f5c-0a32-4cad-9919-067ae4c20978,7,patch,1,3e1a88fd-b2f4-40dd-a7f1-baef93720d4a,0.0,0.0,0.0,0,0,False,0,local_or_unsupported_patch,local
eaf92f5c-0a32-4cad-9919-067ae4c20978,7,patch,1,2540bb8a-19ac-481a-9a70-08a5a406889b,0.0,0.0,0.0,0,0,False,0,local_or_unsupported_patch,local
eaf92f5c-0a32-4cad-9919-067ae4c20978,7,patch,2,49e19b33-4aa5-47dc-aeb1-3370f08ead0a,0.0,0.0,0.0,0,0,False,0,local_or_unsupported_patch,local
eaf92f5c-0a32-4cad-9919-067ae4c20978,7,patch,2,0743385d-68cd-4a00-aa67-a593bf2638bd,0.0,0.0,0.0,0,0,False,0,local_or_unsupported_patch,local
eaf92f5c-0a32-4cad-9919-067ae4c20978,7,patch,2,7bdf70f2-45b5-485b-b3b3-c967f28f38f1,0.0,0.0,0.0,0,0,False,0,local_or_unsupported_patch,local
eaf92f5c-0a32-4cad-9919-067ae4c20978,7,patch,2,2540bb8a-19ac-481a-9a70-08a5a406889b,0.0,0.0,0.0,0,0,False,0,local_or_unsupported_patch,local
eaf92f5c-0a32-4cad-9919-067ae4c20978,7,no_applicability,1,49e19b33-4aa5-47dc-aeb1-3370f08ead0a,0.0,0.0,0.0,0,0,False,0,local_or_unsupported_patch,local
eaf92f5c-0a32-4cad-9919-067ae4c20978,7,no_applicability,1,0743385d-68cd-4a00-aa67-a593bf2638bd,0.0,0.0,0.0,0,0,False,0,local_or_unsupported_patch,local
eaf92f5c-0a32-4cad-9919-067ae4c20978,7,no_applicability,1,7bdf70f2-45b5-485b-b3b3-c967f28f38f1,0.0,0.0,0.0,0,0,False,0,local_or_unsupported_patch,local
eaf92f5c-0a32-4cad-9919-067ae4c20978,7,no_applicability,1,3e1a88fd-b2f4-40dd-a7f1-baef93720d4a,0.0,0.0,0.0,0,0,False,0,local_or_unsupported_patch,local
eaf92f5c-0a32-4cad-9919-067ae4c20978,7,no_applicability,1,2540bb8a-19ac-481a-9a70-08a5a406889b,0.0,0.0,0.0,0,0,False,0,local_or_unsupported_patch,local
eaf92f5c-0a32-4cad-9919-067ae4c20978,7,no_applicability,2,49e19b33-4aa5-47dc-aeb1-3370f08ead0a,0.0,0.0,0.0,0,0,False,0,local_or_unsupported_patch,local
eaf92f5c-0a32-4cad-9919-067ae4c20978,7,no_applicability,2,0743385d-68cd-4a00-aa67-a593bf2638bd,0.0,0.0,0.0,0,0,False,0,local_or_unsupported_patch,local
eaf92f5c-0a32-4cad-9919-067ae4c20978,7,no_applicability,2,7bdf70f2-45b5-485b-b3b3-c967f28f38f1,0.0,0.0,0.0,0,0,False,0,local_or_unsupported_patch,local
eaf92f5c-0a32-4cad-9919-067ae4c20978,7,no_applicability,2,2540bb8a-19ac-481a-9a70-08a5a406889b,0.0,0.0,0.0,0,0,False,0,local_or_unsupported_patch,local
cd19d6bc-f08e-452d-b682-4af9082ec82c,8,execute,0,a5dbd519-b3f0-4124-867a-86e28524d354,1.0,1.0,1.0,0,0,False,0,unsupported_representation,generated
cd19d6bc-f08e-452d-b682-4af9082ec82c,8,execute,0,ef3a55f8-f528-4b2f-bda7-3cd64af867b3,0.0,0.0,0.0,0,0,False,0,unsupported_representation,generated
cd19d6bc-f08e-452d-b682-4af9082ec82c,8,execute,0,2dfe3479-605d-4b6e-ba8f-2640977e24a4,0.0,0.0,0.0,0,0,False,0,unsupported_representation,generated
cd19d6bc-f08e-452d-b682-4af9082ec82c,8,execute,0,24e5d679-e4f1-47b4-a0ca-77550ef8c4be,0.0,0.0,0.0,0,0,False,0,period_binding,generated
cd19d6bc-f08e-452d-b682-4af9082ec82c,8,reattempt,1,a5dbd519-b3f0-4124-867a-86e28524d354,1.0,1.0,1.0,0,0,True,0,,generated
cd19d6bc-f08e-452d-b682-4af9082ec82c,8,reattempt,1,ef3a55f8-f528-4b2f-bda7-3cd64af867b3,0.0,0.0,0.0,0,0,True,0,,generated
cd19d6bc-f08e-452d-b682-4af9082ec82c,8,reattempt,1,2dfe3479-605d-4b6e-ba8f-2640977e24a4,0.0,0.0,0.0,0,0,True,0,,generated
cd19d6bc-f08e-452d-b682-4af9082ec82c,8,reattempt,1,24e5d679-e4f1-47b4-a0ca-77550ef8c4be,0.0,0.0,0.0,0,0,True,0,,generated
cd19d6bc-f08e-452d-b682-4af9082ec82c,8,reattempt,1,c502823a-fa1d-49e3-b14e-6973d72afc2f,0.0,0.0,0.0,0,0,True,0,,generated
cd19d6bc-f08e-452d-b682-4af9082ec82c,8,reattempt,2,a5dbd519-b3f0-4124-867a-86e28524d354,1.0,1.0,1.0,0,0,True,0,,generated
cd19d6bc-f08e-452d-b682-4af9082ec82c,8,reattempt,2,ef3a55f8-f528-4b2f-bda7-3cd64af867b3,0.0,0.0,0.0,0,0,True,0,,generated
cd19d6bc-f08e-452d-b682-4af9082ec82c,8,reattempt,2,2dfe3479-605d-4b6e-ba8f-2640977e24a4,0.0,0.0,0.0,0,0,True,0,,generated
cd19d6bc-f08e-452d-b682-4af9082ec82c,8,reattempt,2,24e5d679-e4f1-47b4-a0ca-77550ef8c4be,0.0,0.0,0.0,0,0,True,0,,generated
cd19d6bc-f08e-452d-b682-4af9082ec82c,8,verify,0,a5dbd519-b3f0-4124-867a-86e28524d354,1.0,1.0,1.0,0,0,False,0,unsupported_representation,generated
cd19d6bc-f08e-452d-b682-4af9082ec82c,8,verify,0,ef3a55f8-f528-4b2f-bda7-3cd64af867b3,0.0,0.0,0.0,0,0,False,0,unsupported_representation,generated
cd19d6bc-f08e-452d-b682-4af9082ec82c,8,verify,0,2dfe3479-605d-4b6e-ba8f-2640977e24a4,0.0,0.0,0.0,0,0,False,0,unsupported_representation,generated
cd19d6bc-f08e-452d-b682-4af9082ec82c,8,verify,0,24e5d679-e4f1-47b4-a0ca-77550ef8c4be,0.0,0.0,0.0,0,0,False,0,unsupported_representation,generated
cd19d6bc-f08e-452d-b682-4af9082ec82c,8,coarse,1,a5dbd519-b3f0-4124-867a-86e28524d354,1.0,1.0,1.0,0,0,True,0,,generated
cd19d6bc-f08e-452d-b682-4af9082ec82c,8,coarse,1,ef3a55f8-f528-4b2f-bda7-3cd64af867b3,0.0,0.0,0.0,0,0,True,0,,generated
cd19d6bc-f08e-452d-b682-4af9082ec82c,8,coarse,1,2dfe3479-605d-4b6e-ba8f-2640977e24a4,0.0,0.0,0.0,0,0,True,0,,generated
cd19d6bc-f08e-452d-b682-4af9082ec82c,8,coarse,1,24e5d679-e4f1-47b4-a0ca-77550ef8c4be,0.0,0.0,0.0,0,0,True,0,,generated
cd19d6bc-f08e-452d-b682-4af9082ec82c,8,coarse,1,c502823a-fa1d-49e3-b14e-6973d72afc2f,0.0,0.0,0.0,0,0,True,0,,generated
cd19d6bc-f08e-452d-b682-4af9082ec82c,8,coarse,2,a5dbd519-b3f0-4124-867a-86e28524d354,1.0,1.0,1.0,0,0,True,0,,generated
cd19d6bc-f08e-452d-b682-4af9082ec82c,8,coarse,2,ef3a55f8-f528-4b2f-bda7-3cd64af867b3,0.0,0.0,0.0,0,0,True,0,,generated
cd19d6bc-f08e-452d-b682-4af9082ec82c,8,coarse,2,2dfe3479-605d-4b6e-ba8f-2640977e24a4,0.0,0.0,0.0,0,0,True,0,,generated
cd19d6bc-f08e-452d-b682-4af9082ec82c,8,coarse,2,24e5d679-e4f1-47b4-a0ca-77550ef8c4be,0.0,0.0,0.0,0,0,True,0,,generated
cd19d6bc-f08e-452d-b682-4af9082ec82c,8,patch,1,a5dbd519-b3f0-4124-867a-86e28524d354,1.0,1.0,1.0,0,0,False,0,local_or_unsupported_patch,local
cd19d6bc-f08e-452d-b682-4af9082ec82c,8,patch,1,ef3a55f8-f528-4b2f-bda7-3cd64af867b3,0.0,0.0,0.0,0,0,False,0,local_or_unsupported_patch,local
cd19d6bc-f08e-452d-b682-4af9082ec82c,8,patch,1,2dfe3479-605d-4b6e-ba8f-2640977e24a4,0.0,0.0,0.0,0,0,False,0,local_or_unsupported_patch,local
cd19d6bc-f08e-452d-b682-4af9082ec82c,8,patch,1,24e5d679-e4f1-47b4-a0ca-77550ef8c4be,0.0,0.0,0.0,0,0,False,0,local_or_unsupported_patch,local
cd19d6bc-f08e-452d-b682-4af9082ec82c,8,patch,1,c502823a-fa1d-49e3-b14e-6973d72afc2f,0.0,0.0,0.0,0,0,False,0,local_or_unsupported_patch,local
cd19d6bc-f08e-452d-b682-4af9082ec82c,8,patch,2,a5dbd519-b3f0-4124-867a-86e28524d354,1.0,1.0,1.0,0,0,False,0,local_or_unsupported_patch,local
cd19d6bc-f08e-452d-b682-4af9082ec82c,8,patch,2,ef3a55f8-f528-4b2f-bda7-3cd64af867b3,0.0,0.0,0.0,0,0,False,0,local_or_unsupported_patch,local
cd19d6bc-f08e-452d-b682-4af9082ec82c,8,patch,2,2dfe3479-605d-4b6e-ba8f-2640977e24a4,0.0,0.0,0.0,0,0,False,0,local_or_unsupported_patch,local
cd19d6bc-f08e-452d-b682-4af9082ec82c,8,patch,2,24e5d679-e4f1-47b4-a0ca-77550ef8c4be,0.0,0.0,0.0,0,0,False,0,local_or_unsupported_patch,local
cd19d6bc-f08e-452d-b682-4af9082ec82c,8,no_applicability,1,a5dbd519-b3f0-4124-867a-86e28524d354,1.0,1.0,1.0,0,0,False,0,local_or_unsupported_patch,local
cd19d6bc-f08e-452d-b682-4af9082ec82c,8,no_applicability,1,ef3a55f8-f528-4b2f-bda7-3cd64af867b3,0.0,0.0,0.0,0,0,False,0,local_or_unsupported_patch,local
cd19d6bc-f08e-452d-b682-4af9082ec82c,8,no_applicability,1,2dfe3479-605d-4b6e-ba8f-2640977e24a4,0.0,0.0,0.0,0,0,False,0,local_or_unsupported_patch,local
cd19d6bc-f08e-452d-b682-4af9082ec82c,8,no_applicability,1,24e5d679-e4f1-47b4-a0ca-77550ef8c4be,0.0,0.0,0.0,0,0,False,0,local_or_unsupported_patch,local
cd19d6bc-f08e-452d-b682-4af9082ec82c,8,no_applicability,1,c502823a-fa1d-49e3-b14e-6973d72afc2f,0.0,0.0,0.0,0,0,False,0,local_or_unsupported_patch,local
cd19d6bc-f08e-452d-b682-4af9082ec82c,8,no_applicability,2,a5dbd519-b3f0-4124-867a-86e28524d354,1.0,1.0,1.0,0,0,False,0,local_or_unsupported_patch,local
cd19d6bc-f08e-452d-b682-4af9082ec82c,8,no_applicability,2,ef3a55f8-f528-4b2f-bda7-3cd64af867b3,0.0,0.0,0.0,0,0,False,0,local_or_unsupported_patch,local
cd19d6bc-f08e-452d-b682-4af9082ec82c,8,no_applicability,2,2dfe3479-605d-4b6e-ba8f-2640977e24a4,0.0,0.0,0.0,0,0,False,0,local_or_unsupported_patch,local
cd19d6bc-f08e-452d-b682-4af9082ec82c,8,no_applicability,2,24e5d679-e4f1-47b4-a0ca-77550ef8c4be,0.0,0.0,0.0,0,0,False,0,local_or_unsupported_patch,local
5f46a008-12b7-4c0d-b9e5-4b8e31cb0ba8,9,execute,0,e87b913f-bd08-43e0-9539-f828bd2ff3eb,0.0,0.0,0.0,0,0,False,0,unsupported_representation,generated
5f46a008-12b7-4c0d-b9e5-4b8e31cb0ba8,9,execute,0,472e6515-b67f-401c-b7b7-2a3bf499a9d7,0.0,0.0,0.0,0,0,False,0,unsupported_representation,generated
5f46a008-12b7-4c0d-b9e5-4b8e31cb0ba8,9,execute,0,b21b7d73-a581-4e3f-8847-58280b20d59a,0.0,0.0,0.0,0,0,False,0,unsupported_representation,generated
5f46a008-12b7-4c0d-b9e5-4b8e31cb0ba8,9,execute,0,89f44070-0740-42f3-88bb-fa108d0e54c2,1.0,1.0,1.0,0,0,False,0,unsupported_representation,generated
5f46a008-12b7-4c0d-b9e5-4b8e31cb0ba8,9,reattempt,1,e87b913f-bd08-43e0-9539-f828bd2ff3eb,0.0,0.0,0.0,0,0,True,0,,generated
5f46a008-12b7-4c0d-b9e5-4b8e31cb0ba8,9,reattempt,1,472e6515-b67f-401c-b7b7-2a3bf499a9d7,0.0,0.0,0.0,0,0,True,0,,generated
5f46a008-12b7-4c0d-b9e5-4b8e31cb0ba8,9,reattempt,1,b21b7d73-a581-4e3f-8847-58280b20d59a,0.0,0.0,0.0,0,0,True,0,,generated
5f46a008-12b7-4c0d-b9e5-4b8e31cb0ba8,9,reattempt,1,89f44070-0740-42f3-88bb-fa108d0e54c2,1.0,0.0,0.0,0,1,True,0,,generated
5f46a008-12b7-4c0d-b9e5-4b8e31cb0ba8,9,reattempt,1,af742fab-b68a-43ac-bb2b-77ef9f2fdbdf,0.0,0.0,0.0,0,0,True,0,,generated
5f46a008-12b7-4c0d-b9e5-4b8e31cb0ba8,9,reattempt,2,e87b913f-bd08-43e0-9539-f828bd2ff3eb,0.0,0.0,0.0,0,0,True,0,,generated
5f46a008-12b7-4c0d-b9e5-4b8e31cb0ba8,9,reattempt,2,472e6515-b67f-401c-b7b7-2a3bf499a9d7,0.0,0.0,0.0,0,0,True,0,,generated
5f46a008-12b7-4c0d-b9e5-4b8e31cb0ba8,9,reattempt,2,b21b7d73-a581-4e3f-8847-58280b20d59a,0.0,0.0,0.0,0,0,True,0,,generated
5f46a008-12b7-4c0d-b9e5-4b8e31cb0ba8,9,reattempt,2,89f44070-0740-42f3-88bb-fa108d0e54c2,0.0,0.0,0.0,0,0,True,0,,generated
5f46a008-12b7-4c0d-b9e5-4b8e31cb0ba8,9,verify,0,e87b913f-bd08-43e0-9539-f828bd2ff3eb,0.0,0.0,0.0,0,0,False,0,unsupported_representation,generated
5f46a008-12b7-4c0d-b9e5-4b8e31cb0ba8,9,verify,0,472e6515-b67f-401c-b7b7-2a3bf499a9d7,0.0,0.0,0.0,0,0,False,0,unsupported_representation,generated
5f46a008-12b7-4c0d-b9e5-4b8e31cb0ba8,9,verify,0,b21b7d73-a581-4e3f-8847-58280b20d59a,0.0,0.0,0.0,0,0,False,0,unsupported_representation,generated
5f46a008-12b7-4c0d-b9e5-4b8e31cb0ba8,9,verify,0,89f44070-0740-42f3-88bb-fa108d0e54c2,1.0,1.0,1.0,0,0,False,0,unsupported_representation,generated
5f46a008-12b7-4c0d-b9e5-4b8e31cb0ba8,9,coarse,1,e87b913f-bd08-43e0-9539-f828bd2ff3eb,0.0,0.0,0.0,0,0,True,0,,generated
5f46a008-12b7-4c0d-b9e5-4b8e31cb0ba8,9,coarse,1,472e6515-b67f-401c-b7b7-2a3bf499a9d7,0.0,0.0,0.0,0,0,True,0,,generated
5f46a008-12b7-4c0d-b9e5-4b8e31cb0ba8,9,coarse,1,b21b7d73-a581-4e3f-8847-58280b20d59a,0.0,0.0,0.0,0,0,True,0,,generated
5f46a008-12b7-4c0d-b9e5-4b8e31cb0ba8,9,coarse,1,89f44070-0740-42f3-88bb-fa108d0e54c2,1.0,1.0,1.0,0,0,True,0,,generated
5f46a008-12b7-4c0d-b9e5-4b8e31cb0ba8,9,coarse,1,af742fab-b68a-43ac-bb2b-77ef9f2fdbdf,0.0,0.0,0.0,0,0,True,0,,generated
5f46a008-12b7-4c0d-b9e5-4b8e31cb0ba8,9,coarse,2,e87b913f-bd08-43e0-9539-f828bd2ff3eb,0.0,0.0,0.0,0,0,True,0,,generated
5f46a008-12b7-4c0d-b9e5-4b8e31cb0ba8,9,coarse,2,472e6515-b67f-401c-b7b7-2a3bf499a9d7,0.0,0.0,0.0,0,0,True,0,,generated
5f46a008-12b7-4c0d-b9e5-4b8e31cb0ba8,9,coarse,2,b21b7d73-a581-4e3f-8847-58280b20d59a,0.0,0.0,0.0,0,0,True,0,,generated
5f46a008-12b7-4c0d-b9e5-4b8e31cb0ba8,9,coarse,2,89f44070-0740-42f3-88bb-fa108d0e54c2,1.0,1.0,1.0,0,0,True,0,,generated
5f46a008-12b7-4c0d-b9e5-4b8e31cb0ba8,9,patch,1,e87b913f-bd08-43e0-9539-f828bd2ff3eb,0.0,0.0,0.0,0,0,False,0,local_or_unsupported_patch,local
5f46a008-12b7-4c0d-b9e5-4b8e31cb0ba8,9,patch,1,472e6515-b67f-401c-b7b7-2a3bf499a9d7,0.0,0.0,0.0,0,0,False,0,local_or_unsupported_patch,local
5f46a008-12b7-4c0d-b9e5-4b8e31cb0ba8,9,patch,1,b21b7d73-a581-4e3f-8847-58280b20d59a,0.0,0.0,0.0,0,0,False,0,local_or_unsupported_patch,local
5f46a008-12b7-4c0d-b9e5-4b8e31cb0ba8,9,patch,1,89f44070-0740-42f3-88bb-fa108d0e54c2,1.0,1.0,1.0,0,0,False,0,local_or_unsupported_patch,local
5f46a008-12b7-4c0d-b9e5-4b8e31cb0ba8,9,patch,1,af742fab-b68a-43ac-bb2b-77ef9f2fdbdf,0.0,0.0,0.0,0,0,False,0,local_or_unsupported_patch,local
5f46a008-12b7-4c0d-b9e5-4b8e31cb0ba8,9,patch,2,e87b913f-bd08-43e0-9539-f828bd2ff3eb,0.0,0.0,0.0,0,0,False,0,local_or_unsupported_patch,local
5f46a008-12b7-4c0d-b9e5-4b8e31cb0ba8,9,patch,2,472e6515-b67f-401c-b7b7-2a3bf499a9d7,0.0,0.0,0.0,0,0,False,0,local_or_unsupported_patch,local
5f46a008-12b7-4c0d-b9e5-4b8e31cb0ba8,9,patch,2,b21b7d73-a581-4e3f-8847-58280b20d59a,0.0,0.0,0.0,0,0,False,0,local_or_unsupported_patch,local
5f46a008-12b7-4c0d-b9e5-4b8e31cb0ba8,9,patch,2,89f44070-0740-42f3-88bb-fa108d0e54c2,1.0,1.0,1.0,0,0,False,0,local_or_unsupported_patch,local
5f46a008-12b7-4c0d-b9e5-4b8e31cb0ba8,9,no_applicability,1,e87b913f-bd08-43e0-9539-f828bd2ff3eb,0.0,0.0,0.0,0,0,False,0,local_or_unsupported_patch,local
5f46a008-12b7-4c0d-b9e5-4b8e31cb0ba8,9,no_applicability,1,472e6515-b67f-401c-b7b7-2a3bf499a9d7,0.0,0.0,0.0,0,0,False,0,local_or_unsupported_patch,local
5f46a008-12b7-4c0d-b9e5-4b8e31cb0ba8,9,no_applicability,1,b21b7d73-a581-4e3f-8847-58280b20d59a,0.0,0.0,0.0,0,0,False,0,local_or_unsupported_patch,local
5f46a008-12b7-4c0d-b9e5-4b8e31cb0ba8,9,no_applicability,1,89f44070-0740-42f3-88bb-fa108d0e54c2,1.0,1.0,1.0,0,0,False,0,local_or_unsupported_patch,local
5f46a008-12b7-4c0d-b9e5-4b8e31cb0ba8,9,no_applicability,1,af742fab-b68a-43ac-bb2b-77ef9f2fdbdf,0.0,0.0,0.0,0,0,False,0,local_or_unsupported_patch,local
5f46a008-12b7-4c0d-b9e5-4b8e31cb0ba8,9,no_applicability,2,e87b913f-bd08-43e0-9539-f828bd2ff3eb,0.0,0.0,0.0,0,0,False,0,local_or_unsupported_patch,local
5f46a008-12b7-4c0d-b9e5-4b8e31cb0ba8,9,no_applicability,2,472e6515-b67f-401c-b7b7-2a3bf499a9d7,0.0,0.0,0.0,0,0,False,0,local_or_unsupported_patch,local
5f46a008-12b7-4c0d-b9e5-4b8e31cb0ba8,9,no_applicability,2,b21b7d73-a581-4e3f-8847-58280b20d59a,0.0,0.0,0.0,0,0,False,0,local_or_unsupported_patch,local
5f46a008-12b7-4c0d-b9e5-4b8e31cb0ba8,9,no_applicability,2,89f44070-0740-42f3-88bb-fa108d0e54c2,1.0,1.0,1.0,0,0,False,0,local_or_unsupported_patch,local
9ff39953-d7ca-40e1-9824-a14c05ee91e8,10,execute,0,31010234-251c-4e67-854a-5a41fc8a65ab,1.0,1.0,1.0,0,0,False,0,unsupported_representation,generated
9ff39953-d7ca-40e1-9824-a14c05ee91e8,10,execute,0,ab907d38-5eba-496d-ab2b-7c3f5893cbba,0.0,0.0,0.0,0,0,False,0,unsupported_representation,generated
9ff39953-d7ca-40e1-9824-a14c05ee91e8,10,execute,0,76fab682-8963-4855-90a2-e68df40d6f4c,1.0,1.0,1.0,0,0,False,0,unsupported_representation,generated
9ff39953-d7ca-40e1-9824-a14c05ee91e8,10,execute,0,43534a69-ffbb-4c73-8605-7b787ff86979,0.0,0.0,0.0,0,0,False,0,unsupported_representation,generated
9ff39953-d7ca-40e1-9824-a14c05ee91e8,10,reattempt,1,31010234-251c-4e67-854a-5a41fc8a65ab,1.0,1.0,1.0,0,0,True,0,,generated
9ff39953-d7ca-40e1-9824-a14c05ee91e8,10,reattempt,1,ab907d38-5eba-496d-ab2b-7c3f5893cbba,0.0,0.0,0.0,0,0,True,0,,generated
9ff39953-d7ca-40e1-9824-a14c05ee91e8,10,reattempt,1,76fab682-8963-4855-90a2-e68df40d6f4c,1.0,1.0,1.0,0,0,True,0,,generated
9ff39953-d7ca-40e1-9824-a14c05ee91e8,10,reattempt,1,4512f332-f703-4af4-ac40-594f459f6d8d,1.0,1.0,1.0,0,0,True,0,,generated
9ff39953-d7ca-40e1-9824-a14c05ee91e8,10,reattempt,1,43534a69-ffbb-4c73-8605-7b787ff86979,0.0,0.0,0.0,0,0,True,0,,generated
9ff39953-d7ca-40e1-9824-a14c05ee91e8,10,reattempt,2,31010234-251c-4e67-854a-5a41fc8a65ab,1.0,1.0,1.0,0,0,True,0,,generated
9ff39953-d7ca-40e1-9824-a14c05ee91e8,10,reattempt,2,ab907d38-5eba-496d-ab2b-7c3f5893cbba,0.0,0.0,0.0,0,0,True,0,,generated
9ff39953-d7ca-40e1-9824-a14c05ee91e8,10,reattempt,2,76fab682-8963-4855-90a2-e68df40d6f4c,1.0,1.0,1.0,0,0,True,0,,generated
9ff39953-d7ca-40e1-9824-a14c05ee91e8,10,reattempt,2,43534a69-ffbb-4c73-8605-7b787ff86979,0.0,0.0,0.0,0,0,True,0,,generated
9ff39953-d7ca-40e1-9824-a14c05ee91e8,10,verify,0,31010234-251c-4e67-854a-5a41fc8a65ab,1.0,1.0,1.0,0,0,False,0,unsupported_representation,generated
9ff39953-d7ca-40e1-9824-a14c05ee91e8,10,verify,0,ab907d38-5eba-496d-ab2b-7c3f5893cbba,0.0,0.0,0.0,0,0,False,0,unsupported_representation,generated
9ff39953-d7ca-40e1-9824-a14c05ee91e8,10,verify,0,76fab682-8963-4855-90a2-e68df40d6f4c,1.0,1.0,1.0,0,0,False,0,unsupported_representation,generated
9ff39953-d7ca-40e1-9824-a14c05ee91e8,10,verify,0,43534a69-ffbb-4c73-8605-7b787ff86979,0.0,0.0,0.0,0,0,False,0,unsupported_representation,generated
9ff39953-d7ca-40e1-9824-a14c05ee91e8,10,coarse,1,31010234-251c-4e67-854a-5a41fc8a65ab,1.0,1.0,1.0,0,0,True,0,,generated
9ff39953-d7ca-40e1-9824-a14c05ee91e8,10,coarse,1,ab907d38-5eba-496d-ab2b-7c3f5893cbba,0.0,0.0,0.0,0,0,True,0,,generated
9ff39953-d7ca-40e1-9824-a14c05ee91e8,10,coarse,1,76fab682-8963-4855-90a2-e68df40d6f4c,1.0,1.0,1.0,0,0,True,0,,generated
9ff39953-d7ca-40e1-9824-a14c05ee91e8,10,coarse,1,4512f332-f703-4af4-ac40-594f459f6d8d,1.0,1.0,1.0,0,0,True,0,,generated
9ff39953-d7ca-40e1-9824-a14c05ee91e8,10,coarse,1,43534a69-ffbb-4c73-8605-7b787ff86979,0.0,0.0,0.0,0,0,True,0,,generated
9ff39953-d7ca-40e1-9824-a14c05ee91e8,10,coarse,2,31010234-251c-4e67-854a-5a41fc8a65ab,1.0,1.0,1.0,0,0,True,0,,generated
9ff39953-d7ca-40e1-9824-a14c05ee91e8,10,coarse,2,ab907d38-5eba-496d-ab2b-7c3f5893cbba,0.0,0.0,0.0,0,0,True,0,,generated
9ff39953-d7ca-40e1-9824-a14c05ee91e8,10,coarse,2,76fab682-8963-4855-90a2-e68df40d6f4c,1.0,1.0,1.0,0,0,True,0,,generated
9ff39953-d7ca-40e1-9824-a14c05ee91e8,10,coarse,2,43534a69-ffbb-4c73-8605-7b787ff86979,0.0,0.0,0.0,0,0,True,0,,generated
9ff39953-d7ca-40e1-9824-a14c05ee91e8,10,patch,1,31010234-251c-4e67-854a-5a41fc8a65ab,1.0,1.0,1.0,0,0,False,0,local_or_unsupported_patch,local
9ff39953-d7ca-40e1-9824-a14c05ee91e8,10,patch,1,ab907d38-5eba-496d-ab2b-7c3f5893cbba,0.0,0.0,0.0,0,0,False,0,local_or_unsupported_patch,local
9ff39953-d7ca-40e1-9824-a14c05ee91e8,10,patch,1,76fab682-8963-4855-90a2-e68df40d6f4c,1.0,1.0,1.0,0,0,False,0,local_or_unsupported_patch,local
9ff39953-d7ca-40e1-9824-a14c05ee91e8,10,patch,1,4512f332-f703-4af4-ac40-594f459f6d8d,1.0,1.0,1.0,0,0,False,0,local_or_unsupported_patch,local
9ff39953-d7ca-40e1-9824-a14c05ee91e8,10,patch,1,43534a69-ffbb-4c73-8605-7b787ff86979,0.0,0.0,0.0,0,0,False,0,local_or_unsupported_patch,local
9ff39953-d7ca-40e1-9824-a14c05ee91e8,10,patch,2,31010234-251c-4e67-854a-5a41fc8a65ab,1.0,1.0,1.0,0,0,False,0,local_or_unsupported_patch,local
9ff39953-d7ca-40e1-9824-a14c05ee91e8,10,patch,2,ab907d38-5eba-496d-ab2b-7c3f5893cbba,0.0,0.0,0.0,0,0,False,0,local_or_unsupported_patch,local
9ff39953-d7ca-40e1-9824-a14c05ee91e8,10,patch,2,76fab682-8963-4855-90a2-e68df40d6f4c,1.0,1.0,1.0,0,0,False,0,local_or_unsupported_patch,local
9ff39953-d7ca-40e1-9824-a14c05ee91e8,10,patch,2,43534a69-ffbb-4c73-8605-7b787ff86979,0.0,0.0,0.0,0,0,False,0,local_or_unsupported_patch,local
9ff39953-d7ca-40e1-9824-a14c05ee91e8,10,no_applicability,1,31010234-251c-4e67-854a-5a41fc8a65ab,1.0,1.0,1.0,0,0,False,0,local_or_unsupported_patch,local
9ff39953-d7ca-40e1-9824-a14c05ee91e8,10,no_applicability,1,ab907d38-5eba-496d-ab2b-7c3f5893cbba,0.0,0.0,0.0,0,0,False,0,local_or_unsupported_patch,local
9ff39953-d7ca-40e1-9824-a14c05ee91e8,10,no_applicability,1,76fab682-8963-4855-90a2-e68df40d6f4c,1.0,1.0,1.0,0,0,False,0,local_or_unsupported_patch,local
9ff39953-d7ca-40e1-9824-a14c05ee91e8,10,no_applicability,1,4512f332-f703-4af4-ac40-594f459f6d8d,1.0,1.0,1.0,0,0,False,0,local_or_unsupported_patch,local
9ff39953-d7ca-40e1-9824-a14c05ee91e8,10,no_applicability,1,43534a69-ffbb-4c73-8605-7b787ff86979,0.0,0.0,0.0,0,0,False,0,local_or_unsupported_patch,local
9ff39953-d7ca-40e1-9824-a14c05ee91e8,10,no_applicability,2,31010234-251c-4e67-854a-5a41fc8a65ab,1.0,1.0,1.0,0,0,False,0,local_or_unsupported_patch,local
9ff39953-d7ca-40e1-9824-a14c05ee91e8,10,no_applicability,2,ab907d38-5eba-496d-ab2b-7c3f5893cbba,0.0,0.0,0.0,0,0,False,0,local_or_unsupported_patch,local
9ff39953-d7ca-40e1-9824-a14c05ee91e8,10,no_applicability,2,76fab682-8963-4855-90a2-e68df40d6f4c,1.0,1.0,1.0,0,0,False,0,local_or_unsupported_patch,local
9ff39953-d7ca-40e1-9824-a14c05ee91e8,10,no_applicability,2,43534a69-ffbb-4c73-8605-7b787ff86979,0.0,0.0,0.0,0,0,False,0,local_or_unsupported_patch,local
77d32d68-40b6-4c76-8151-58b6e99bae9a,11,execute,0,1bb0d605-4ca8-45dd-ac2a-2e68975f9b1f,0.0,0.0,0.0,0,0,False,0,unsupported_representation,generated
77d32d68-40b6-4c76-8151-58b6e99bae9a,11,execute,0,ca296636-064f-4bb6-9363-aadb51392f5f,1.0,1.0,1.0,0,0,False,0,unsupported_representation,generated
77d32d68-40b6-4c76-8151-58b6e99bae9a,11,execute,0,fd39359f-cea8-44b7-b5b9-7f7566db09c3,1.0,1.0,1.0,0,0,False,0,unsupported_representation,generated
77d32d68-40b6-4c76-8151-58b6e99bae9a,11,execute,0,bb2de5ba-6926-4ca3-ae67-5fe2264b1b59,0.0,0.0,0.0,0,0,False,0,unsupported_representation,generated
77d32d68-40b6-4c76-8151-58b6e99bae9a,11,reattempt,1,1bb0d605-4ca8-45dd-ac2a-2e68975f9b1f,0.0,0.0,0.0,0,0,True,0,,generated
77d32d68-40b6-4c76-8151-58b6e99bae9a,11,reattempt,1,ca296636-064f-4bb6-9363-aadb51392f5f,1.0,0.0,0.0,0,1,True,0,,generated
77d32d68-40b6-4c76-8151-58b6e99bae9a,11,reattempt,1,fd39359f-cea8-44b7-b5b9-7f7566db09c3,1.0,0.0,0.0,0,1,True,0,,generated
77d32d68-40b6-4c76-8151-58b6e99bae9a,11,reattempt,1,35096122-545b-4be2-8ea2-ebafd94c687f,0.0,0.0,0.0,0,0,True,0,,generated
77d32d68-40b6-4c76-8151-58b6e99bae9a,11,reattempt,1,bb2de5ba-6926-4ca3-ae67-5fe2264b1b59,0.0,0.0,0.0,0,0,True,0,,generated
77d32d68-40b6-4c76-8151-58b6e99bae9a,11,reattempt,2,1bb0d605-4ca8-45dd-ac2a-2e68975f9b1f,0.0,0.0,0.0,0,0,True,0,,generated
77d32d68-40b6-4c76-8151-58b6e99bae9a,11,reattempt,2,ca296636-064f-4bb6-9363-aadb51392f5f,0.0,0.0,0.0,0,0,True,0,,generated
77d32d68-40b6-4c76-8151-58b6e99bae9a,11,reattempt,2,fd39359f-cea8-44b7-b5b9-7f7566db09c3,0.0,0.0,0.0,0,0,True,0,,generated
77d32d68-40b6-4c76-8151-58b6e99bae9a,11,reattempt,2,bb2de5ba-6926-4ca3-ae67-5fe2264b1b59,0.0,0.0,0.0,0,0,True,0,,generated
77d32d68-40b6-4c76-8151-58b6e99bae9a,11,verify,0,1bb0d605-4ca8-45dd-ac2a-2e68975f9b1f,0.0,0.0,0.0,0,0,False,0,unsupported_representation,generated
77d32d68-40b6-4c76-8151-58b6e99bae9a,11,verify,0,ca296636-064f-4bb6-9363-aadb51392f5f,1.0,1.0,0.0,0,0,False,1,unsupported_representation,generated
77d32d68-40b6-4c76-8151-58b6e99bae9a,11,verify,0,fd39359f-cea8-44b7-b5b9-7f7566db09c3,1.0,1.0,0.0,0,0,False,1,unsupported_representation,generated
77d32d68-40b6-4c76-8151-58b6e99bae9a,11,verify,0,bb2de5ba-6926-4ca3-ae67-5fe2264b1b59,0.0,0.0,0.0,0,0,False,0,unsupported_representation,generated
77d32d68-40b6-4c76-8151-58b6e99bae9a,11,coarse,1,1bb0d605-4ca8-45dd-ac2a-2e68975f9b1f,0.0,0.0,0.0,0,0,True,0,,generated
77d32d68-40b6-4c76-8151-58b6e99bae9a,11,coarse,1,ca296636-064f-4bb6-9363-aadb51392f5f,1.0,1.0,1.0,0,0,True,0,,generated
77d32d68-40b6-4c76-8151-58b6e99bae9a,11,coarse,1,fd39359f-cea8-44b7-b5b9-7f7566db09c3,1.0,1.0,1.0,0,0,True,0,,generated
77d32d68-40b6-4c76-8151-58b6e99bae9a,11,coarse,1,35096122-545b-4be2-8ea2-ebafd94c687f,0.0,0.0,0.0,0,0,True,0,,generated
77d32d68-40b6-4c76-8151-58b6e99bae9a,11,coarse,1,bb2de5ba-6926-4ca3-ae67-5fe2264b1b59,0.0,0.0,0.0,0,0,True,0,,generated
77d32d68-40b6-4c76-8151-58b6e99bae9a,11,coarse,2,1bb0d605-4ca8-45dd-ac2a-2e68975f9b1f,0.0,0.0,0.0,0,0,True,0,,generated
77d32d68-40b6-4c76-8151-58b6e99bae9a,11,coarse,2,ca296636-064f-4bb6-9363-aadb51392f5f,1.0,1.0,1.0,0,0,True,0,,generated
77d32d68-40b6-4c76-8151-58b6e99bae9a,11,coarse,2,fd39359f-cea8-44b7-b5b9-7f7566db09c3,1.0,1.0,1.0,0,0,True,0,,generated
77d32d68-40b6-4c76-8151-58b6e99bae9a,11,coarse,2,bb2de5ba-6926-4ca3-ae67-5fe2264b1b59,0.0,0.0,0.0,0,0,True,0,,generated
77d32d68-40b6-4c76-8151-58b6e99bae9a,11,patch,1,1bb0d605-4ca8-45dd-ac2a-2e68975f9b1f,0.0,0.0,0.0,0,0,False,0,local_or_unsupported_patch,local
77d32d68-40b6-4c76-8151-58b6e99bae9a,11,patch,1,ca296636-064f-4bb6-9363-aadb51392f5f,1.0,1.0,1.0,0,0,False,0,local_or_unsupported_patch,local
77d32d68-40b6-4c76-8151-58b6e99bae9a,11,patch,1,fd39359f-cea8-44b7-b5b9-7f7566db09c3,1.0,1.0,1.0,0,0,False,0,local_or_unsupported_patch,local
77d32d68-40b6-4c76-8151-58b6e99bae9a,11,patch,1,35096122-545b-4be2-8ea2-ebafd94c687f,0.0,0.0,0.0,0,0,False,0,local_or_unsupported_patch,local
77d32d68-40b6-4c76-8151-58b6e99bae9a,11,patch,1,bb2de5ba-6926-4ca3-ae67-5fe2264b1b59,0.0,0.0,0.0,0,0,False,0,local_or_unsupported_patch,local
77d32d68-40b6-4c76-8151-58b6e99bae9a,11,patch,2,1bb0d605-4ca8-45dd-ac2a-2e68975f9b1f,0.0,0.0,0.0,0,0,False,0,local_or_unsupported_patch,local
77d32d68-40b6-4c76-8151-58b6e99bae9a,11,patch,2,ca296636-064f-4bb6-9363-aadb51392f5f,1.0,1.0,1.0,0,0,False,0,local_or_unsupported_patch,local
77d32d68-40b6-4c76-8151-58b6e99bae9a,11,patch,2,fd39359f-cea8-44b7-b5b9-7f7566db09c3,1.0,1.0,1.0,0,0,False,0,local_or_unsupported_patch,local
77d32d68-40b6-4c76-8151-58b6e99bae9a,11,patch,2,bb2de5ba-6926-4ca3-ae67-5fe2264b1b59,0.0,0.0,0.0,0,0,False,0,local_or_unsupported_patch,local
77d32d68-40b6-4c76-8151-58b6e99bae9a,11,no_applicability,1,1bb0d605-4ca8-45dd-ac2a-2e68975f9b1f,0.0,0.0,0.0,0,0,False,0,local_or_unsupported_patch,local
77d32d68-40b6-4c76-8151-58b6e99bae9a,11,no_applicability,1,ca296636-064f-4bb6-9363-aadb51392f5f,1.0,1.0,1.0,0,0,False,0,local_or_unsupported_patch,local
77d32d68-40b6-4c76-8151-58b6e99bae9a,11,no_applicability,1,fd39359f-cea8-44b7-b5b9-7f7566db09c3,1.0,1.0,1.0,0,0,False,0,local_or_unsupported_patch,local
77d32d68-40b6-4c76-8151-58b6e99bae9a,11,no_applicability,1,35096122-545b-4be2-8ea2-ebafd94c687f,0.0,0.0,0.0,0,0,False,0,local_or_unsupported_patch,local
77d32d68-40b6-4c76-8151-58b6e99bae9a,11,no_applicability,1,bb2de5ba-6926-4ca3-ae67-5fe2264b1b59,0.0,0.0,0.0,0,0,False,0,local_or_unsupported_patch,local
77d32d68-40b6-4c76-8151-58b6e99bae9a,11,no_applicability,2,1bb0d605-4ca8-45dd-ac2a-2e68975f9b1f,0.0,0.0,0.0,0,0,False,0,local_or_unsupported_patch,local
77d32d68-40b6-4c76-8151-58b6e99bae9a,11,no_applicability,2,ca296636-064f-4bb6-9363-aadb51392f5f,1.0,1.0,1.0,0,0,False,0,local_or_unsupported_patch,local
77d32d68-40b6-4c76-8151-58b6e99bae9a,11,no_applicability,2,fd39359f-cea8-44b7-b5b9-7f7566db09c3,1.0,1.0,1.0,0,0,False,0,local_or_unsupported_patch,local
77d32d68-40b6-4c76-8151-58b6e99bae9a,11,no_applicability,2,bb2de5ba-6926-4ca3-ae67-5fe2264b1b59,0.0,0.0,0.0,0,0,False,0,local_or_unsupported_patch,local
