timestamp, uuid, name, memory.total [MiB], memory.used [MiB], utilization.gpu [%], power.draw [W]
2026/09/10 01:19:34.708, GPU-c9db04c6-026b-f6d2-e711-de40c5b3e9cd, NVIDIA RTX 6000 Ada Generation, 49140 MiB, 24628 MiB, 0 %, 25.49 W
2026/09/10 01:19:35.215, GPU-c9db04c6-026b-f6d2-e711-de40c5b3e9cd, NVIDIA RTX 6000 Ada Generation, 49140 MiB, 24628 MiB, 0 %, 25.49 W
2026/09/10 01:19:35.715, GPU-c9db04c6-026b-f6d2-e711-de40c5b3e9cd, NVIDIA RTX 6000 Ada Generation, 49140 MiB, 24628 MiB, 0 %, 25.47 W
2026/09/10 01:19:36.215, GPU-c9db04c6-026b-f6d2-e711-de40c5b3e9cd, NVIDIA RTX 6000 Ada Generation, 49140 MiB, 24628 MiB, 0 %, 25.47 W
2026/09/10 01:19:36.716, GPU-c9db04c6-026b-f6d2-e711-de40c5b3e9cd, NVIDIA RTX 6000 Ada Generation, 49140 MiB, 24628 MiB, 0 %, 25.72 W
2026/09/10 01:19:37.217, GPU-c9db04c6-026b-f6d2-e711-de40c5b3e9cd, NVIDIA RTX 6000 Ada Generation, 49140 MiB, 24628 MiB, 0 %, 25.72 W
2026/09/10 01:19:37.717, GPU-c9db04c6-026b-f6d2-e711-de40c5b3e9cd, NVIDIA RTX 6000 Ada Generation, 49140 MiB, 24628 MiB, 0 %, 25.90 W
2026/09/10 01:19:38.218, GPU-c9db04c6-026b-f6d2-e711-de40c5b3e9cd, NVIDIA RTX 6000 Ada Generation, 49140 MiB, 24628 MiB, 0 %, 25.90 W
2026/09/10 01:19:38.718, GPU-c9db04c6-026b-f6d2-e711-de40c5b3e9cd, NVIDIA RTX 6000 Ada Generation, 49140 MiB, 24628 MiB, 0 %, 25.87 W
2026/09/10 01:19:39.218, GPU-c9db04c6-026b-f6d2-e711-de40c5b3e9cd, NVIDIA RTX 6000 Ada Generation, 49140 MiB, 24628 MiB, 0 %, 25.87 W
2026/09/10 01:19:39.719, GPU-c9db04c6-026b-f6d2-e711-de40c5b3e9cd, NVIDIA RTX 6000 Ada Generation, 49140 MiB, 24644 MiB, 0 %, 25.79 W
2026/09/10 01:19:40.235, GPU-c9db04c6-026b-f6d2-e711-de40c5b3e9cd, NVIDIA RTX 6000 Ada Generation, 49140 MiB, 25165 MiB, 0 %, 39.37 W
2026/09/10 01:19:40.736, GPU-c9db04c6-026b-f6d2-e711-de40c5b3e9cd, NVIDIA RTX 6000 Ada Generation, 49140 MiB, 25165 MiB, 0 %, 72.83 W
2026/09/10 01:19:41.236, GPU-c9db04c6-026b-f6d2-e711-de40c5b3e9cd, NVIDIA RTX 6000 Ada Generation, 49140 MiB, 25165 MiB, 0 %, 85.90 W
2026/09/10 01:19:41.737, GPU-c9db04c6-026b-f6d2-e711-de40c5b3e9cd, NVIDIA RTX 6000 Ada Generation, 49140 MiB, 25165 MiB, 0 %, 85.86 W
2026/09/10 01:19:42.238, GPU-c9db04c6-026b-f6d2-e711-de40c5b3e9cd, NVIDIA RTX 6000 Ada Generation, 49140 MiB, 25165 MiB, 0 %, 132.56 W
2026/09/10 01:19:42.739, GPU-c9db04c6-026b-f6d2-e711-de40c5b3e9cd, NVIDIA RTX 6000 Ada Generation, 49140 MiB, 25165 MiB, 83 %, 182.45 W
2026/09/10 01:19:43.239, GPU-c9db04c6-026b-f6d2-e711-de40c5b3e9cd, NVIDIA RTX 6000 Ada Generation, 49140 MiB, 25165 MiB, 83 %, 234.14 W
2026/09/10 01:19:43.739, GPU-c9db04c6-026b-f6d2-e711-de40c5b3e9cd, NVIDIA RTX 6000 Ada Generation, 49140 MiB, 25165 MiB, 70 %, 233.06 W
2026/09/10 01:19:44.240, GPU-c9db04c6-026b-f6d2-e711-de40c5b3e9cd, NVIDIA RTX 6000 Ada Generation, 49140 MiB, 25165 MiB, 70 %, 239.36 W
2026/09/10 01:19:44.742, GPU-c9db04c6-026b-f6d2-e711-de40c5b3e9cd, NVIDIA RTX 6000 Ada Generation, 49140 MiB, 25165 MiB, 57 %, 236.08 W
2026/09/10 01:19:45.242, GPU-c9db04c6-026b-f6d2-e711-de40c5b3e9cd, NVIDIA RTX 6000 Ada Generation, 49140 MiB, 25165 MiB, 57 %, 239.08 W
2026/09/10 01:19:45.743, GPU-c9db04c6-026b-f6d2-e711-de40c5b3e9cd, NVIDIA RTX 6000 Ada Generation, 49140 MiB, 25165 MiB, 94 %, 240.98 W
2026/09/10 01:19:46.246, GPU-c9db04c6-026b-f6d2-e711-de40c5b3e9cd, NVIDIA RTX 6000 Ada Generation, 49140 MiB, 25165 MiB, 94 %, 236.26 W
2026/09/10 01:19:46.747, GPU-c9db04c6-026b-f6d2-e711-de40c5b3e9cd, NVIDIA RTX 6000 Ada Generation, 49140 MiB, 25165 MiB, 84 %, 238.29 W
2026/09/10 01:19:47.247, GPU-c9db04c6-026b-f6d2-e711-de40c5b3e9cd, NVIDIA RTX 6000 Ada Generation, 49140 MiB, 25165 MiB, 84 %, 239.63 W
2026/09/10 01:19:47.747, GPU-c9db04c6-026b-f6d2-e711-de40c5b3e9cd, NVIDIA RTX 6000 Ada Generation, 49140 MiB, 25165 MiB, 16 %, 236.08 W
2026/09/10 01:19:48.248, GPU-c9db04c6-026b-f6d2-e711-de40c5b3e9cd, NVIDIA RTX 6000 Ada Generation, 49140 MiB, 25165 MiB, 16 %, 237.22 W
2026/09/10 01:19:48.748, GPU-c9db04c6-026b-f6d2-e711-de40c5b3e9cd, NVIDIA RTX 6000 Ada Generation, 49140 MiB, 25165 MiB, 43 %, 238.83 W
2026/09/10 01:19:49.249, GPU-c9db04c6-026b-f6d2-e711-de40c5b3e9cd, NVIDIA RTX 6000 Ada Generation, 49140 MiB, 25165 MiB, 43 %, 231.60 W
2026/09/10 01:19:49.750, GPU-c9db04c6-026b-f6d2-e711-de40c5b3e9cd, NVIDIA RTX 6000 Ada Generation, 49140 MiB, 25165 MiB, 67 %, 228.91 W
2026/09/10 01:19:50.250, GPU-c9db04c6-026b-f6d2-e711-de40c5b3e9cd, NVIDIA RTX 6000 Ada Generation, 49140 MiB, 25165 MiB, 67 %, 235.24 W
2026/09/10 01:19:50.750, GPU-c9db04c6-026b-f6d2-e711-de40c5b3e9cd, NVIDIA RTX 6000 Ada Generation, 49140 MiB, 25165 MiB, 60 %, 239.21 W
2026/09/10 01:19:51.309, GPU-c9db04c6-026b-f6d2-e711-de40c5b3e9cd, NVIDIA RTX 6000 Ada Generation, 49140 MiB, 25165 MiB, 60 %, 238.42 W
2026/09/10 01:19:51.812, GPU-c9db04c6-026b-f6d2-e711-de40c5b3e9cd, NVIDIA RTX 6000 Ada Generation, 49140 MiB, 25165 MiB, 94 %, 240.85 W
2026/09/10 01:19:52.313, GPU-c9db04c6-026b-f6d2-e711-de40c5b3e9cd, NVIDIA RTX 6000 Ada Generation, 49140 MiB, 25165 MiB, 94 %, 241.41 W
2026/09/10 01:19:52.813, GPU-c9db04c6-026b-f6d2-e711-de40c5b3e9cd, NVIDIA RTX 6000 Ada Generation, 49140 MiB, 25165 MiB, 84 %, 231.87 W
2026/09/10 01:19:53.314, GPU-c9db04c6-026b-f6d2-e711-de40c5b3e9cd, NVIDIA RTX 6000 Ada Generation, 49140 MiB, 25165 MiB, 84 %, 233.19 W
2026/09/10 01:19:53.815, GPU-c9db04c6-026b-f6d2-e711-de40c5b3e9cd, NVIDIA RTX 6000 Ada Generation, 49140 MiB, 25165 MiB, 94 %, 236.16 W
2026/09/10 01:19:54.316, GPU-c9db04c6-026b-f6d2-e711-de40c5b3e9cd, NVIDIA RTX 6000 Ada Generation, 49140 MiB, 25165 MiB, 94 %, 235.67 W
2026/09/10 01:19:54.816, GPU-c9db04c6-026b-f6d2-e711-de40c5b3e9cd, NVIDIA RTX 6000 Ada Generation, 49140 MiB, 25165 MiB, 65 %, 246.87 W
2026/09/10 01:19:55.317, GPU-c9db04c6-026b-f6d2-e711-de40c5b3e9cd, NVIDIA RTX 6000 Ada Generation, 49140 MiB, 25165 MiB, 65 %, 249.19 W
2026/09/10 01:19:55.817, GPU-c9db04c6-026b-f6d2-e711-de40c5b3e9cd, NVIDIA RTX 6000 Ada Generation, 49140 MiB, 25165 MiB, 72 %, 237.90 W
2026/09/10 01:19:56.318, GPU-c9db04c6-026b-f6d2-e711-de40c5b3e9cd, NVIDIA RTX 6000 Ada Generation, 49140 MiB, 25165 MiB, 72 %, 237.58 W
2026/09/10 01:19:56.818, GPU-c9db04c6-026b-f6d2-e711-de40c5b3e9cd, NVIDIA RTX 6000 Ada Generation, 49140 MiB, 25165 MiB, 13 %, 243.19 W
2026/09/10 01:19:57.318, GPU-c9db04c6-026b-f6d2-e711-de40c5b3e9cd, NVIDIA RTX 6000 Ada Generation, 49140 MiB, 25165 MiB, 13 %, 235.32 W
2026/09/10 01:19:57.819, GPU-c9db04c6-026b-f6d2-e711-de40c5b3e9cd, NVIDIA RTX 6000 Ada Generation, 49140 MiB, 25165 MiB, 91 %, 239.01 W
2026/09/10 01:19:58.319, GPU-c9db04c6-026b-f6d2-e711-de40c5b3e9cd, NVIDIA RTX 6000 Ada Generation, 49140 MiB, 25165 MiB, 91 %, 242.03 W
2026/09/10 01:19:58.820, GPU-c9db04c6-026b-f6d2-e711-de40c5b3e9cd, NVIDIA RTX 6000 Ada Generation, 49140 MiB, 25165 MiB, 82 %, 243.43 W
2026/09/10 01:19:59.320, GPU-c9db04c6-026b-f6d2-e711-de40c5b3e9cd, NVIDIA RTX 6000 Ada Generation, 49140 MiB, 25165 MiB, 82 %, 251.61 W
2026/09/10 01:19:59.820, GPU-c9db04c6-026b-f6d2-e711-de40c5b3e9cd, NVIDIA RTX 6000 Ada Generation, 49140 MiB, 25165 MiB, 48 %, 245.45 W
2026/09/10 01:20:00.321, GPU-c9db04c6-026b-f6d2-e711-de40c5b3e9cd, NVIDIA RTX 6000 Ada Generation, 49140 MiB, 25165 MiB, 48 %, 236.23 W
2026/09/10 01:20:00.910, GPU-c9db04c6-026b-f6d2-e711-de40c5b3e9cd, NVIDIA RTX 6000 Ada Generation, 49140 MiB, 25165 MiB, 88 %, 237.73 W
2026/09/10 01:20:01.411, GPU-c9db04c6-026b-f6d2-e711-de40c5b3e9cd, NVIDIA RTX 6000 Ada Generation, 49140 MiB, 25165 MiB, 88 %, 243.52 W
2026/09/10 01:20:01.912, GPU-c9db04c6-026b-f6d2-e711-de40c5b3e9cd, NVIDIA RTX 6000 Ada Generation, 49140 MiB, 25165 MiB, 59 %, 242.95 W
2026/09/10 01:20:02.412, GPU-c9db04c6-026b-f6d2-e711-de40c5b3e9cd, NVIDIA RTX 6000 Ada Generation, 49140 MiB, 25165 MiB, 59 %, 243.83 W
2026/09/10 01:20:02.912, GPU-c9db04c6-026b-f6d2-e711-de40c5b3e9cd, NVIDIA RTX 6000 Ada Generation, 49140 MiB, 25165 MiB, 65 %, 233.43 W
2026/09/10 01:20:03.413, GPU-c9db04c6-026b-f6d2-e711-de40c5b3e9cd, NVIDIA RTX 6000 Ada Generation, 49140 MiB, 25165 MiB, 65 %, 236.42 W
2026/09/10 01:20:03.916, GPU-c9db04c6-026b-f6d2-e711-de40c5b3e9cd, NVIDIA RTX 6000 Ada Generation, 49140 MiB, 25165 MiB, 64 %, 234.28 W
2026/09/10 01:20:04.417, GPU-c9db04c6-026b-f6d2-e711-de40c5b3e9cd, NVIDIA RTX 6000 Ada Generation, 49140 MiB, 25165 MiB, 64 %, 237.72 W
2026/09/10 01:20:04.917, GPU-c9db04c6-026b-f6d2-e711-de40c5b3e9cd, NVIDIA RTX 6000 Ada Generation, 49140 MiB, 25165 MiB, 0 %, 235.37 W
2026/09/10 01:20:05.418, GPU-c9db04c6-026b-f6d2-e711-de40c5b3e9cd, NVIDIA RTX 6000 Ada Generation, 49140 MiB, 25165 MiB, 0 %, 233.74 W
2026/09/10 01:20:05.918, GPU-c9db04c6-026b-f6d2-e711-de40c5b3e9cd, NVIDIA RTX 6000 Ada Generation, 49140 MiB, 25165 MiB, 91 %, 246.13 W
2026/09/10 01:20:06.420, GPU-c9db04c6-026b-f6d2-e711-de40c5b3e9cd, NVIDIA RTX 6000 Ada Generation, 49140 MiB, 25165 MiB, 91 %, 252.02 W
2026/09/10 01:20:06.920, GPU-c9db04c6-026b-f6d2-e711-de40c5b3e9cd, NVIDIA RTX 6000 Ada Generation, 49140 MiB, 25165 MiB, 67 %, 247.55 W
2026/09/10 01:20:07.421, GPU-c9db04c6-026b-f6d2-e711-de40c5b3e9cd, NVIDIA RTX 6000 Ada Generation, 49140 MiB, 25165 MiB, 67 %, 234.72 W
2026/09/10 01:20:07.921, GPU-c9db04c6-026b-f6d2-e711-de40c5b3e9cd, NVIDIA RTX 6000 Ada Generation, 49140 MiB, 25165 MiB, 94 %, 228.46 W
2026/09/10 01:20:08.421, GPU-c9db04c6-026b-f6d2-e711-de40c5b3e9cd, NVIDIA RTX 6000 Ada Generation, 49140 MiB, 25165 MiB, 94 %, 223.94 W
2026/09/10 01:20:08.923, GPU-c9db04c6-026b-f6d2-e711-de40c5b3e9cd, NVIDIA RTX 6000 Ada Generation, 49140 MiB, 25165 MiB, 68 %, 221.27 W
2026/09/10 01:20:09.423, GPU-c9db04c6-026b-f6d2-e711-de40c5b3e9cd, NVIDIA RTX 6000 Ada Generation, 49140 MiB, 25165 MiB, 68 %, 218.75 W
2026/09/10 01:20:09.924, GPU-c9db04c6-026b-f6d2-e711-de40c5b3e9cd, NVIDIA RTX 6000 Ada Generation, 49140 MiB, 25165 MiB, 88 %, 232.52 W
2026/09/10 01:20:10.424, GPU-c9db04c6-026b-f6d2-e711-de40c5b3e9cd, NVIDIA RTX 6000 Ada Generation, 49140 MiB, 25165 MiB, 88 %, 239.32 W
2026/09/10 01:20:10.924, GPU-c9db04c6-026b-f6d2-e711-de40c5b3e9cd, NVIDIA RTX 6000 Ada Generation, 49140 MiB, 25165 MiB, 4 %, 248.72 W
2026/09/10 01:20:11.426, GPU-c9db04c6-026b-f6d2-e711-de40c5b3e9cd, NVIDIA RTX 6000 Ada Generation, 49140 MiB, 25165 MiB, 4 %, 249.66 W
2026/09/10 01:20:11.926, GPU-c9db04c6-026b-f6d2-e711-de40c5b3e9cd, NVIDIA RTX 6000 Ada Generation, 49140 MiB, 25165 MiB, 93 %, 247.99 W
2026/09/10 01:20:12.426, GPU-c9db04c6-026b-f6d2-e711-de40c5b3e9cd, NVIDIA RTX 6000 Ada Generation, 49140 MiB, 25165 MiB, 93 %, 235.66 W
2026/09/10 01:20:12.926, GPU-c9db04c6-026b-f6d2-e711-de40c5b3e9cd, NVIDIA RTX 6000 Ada Generation, 49140 MiB, 25165 MiB, 84 %, 242.77 W
2026/09/10 01:20:13.427, GPU-c9db04c6-026b-f6d2-e711-de40c5b3e9cd, NVIDIA RTX 6000 Ada Generation, 49140 MiB, 25165 MiB, 84 %, 245.05 W
2026/09/10 01:20:13.927, GPU-c9db04c6-026b-f6d2-e711-de40c5b3e9cd, NVIDIA RTX 6000 Ada Generation, 49140 MiB, 25165 MiB, 49 %, 239.93 W
2026/09/10 01:20:14.428, GPU-c9db04c6-026b-f6d2-e711-de40c5b3e9cd, NVIDIA RTX 6000 Ada Generation, 49140 MiB, 25165 MiB, 49 %, 230.04 W
2026/09/10 01:20:14.929, GPU-c9db04c6-026b-f6d2-e711-de40c5b3e9cd, NVIDIA RTX 6000 Ada Generation, 49140 MiB, 25165 MiB, 75 %, 234.63 W
2026/09/10 01:20:15.429, GPU-c9db04c6-026b-f6d2-e711-de40c5b3e9cd, NVIDIA RTX 6000 Ada Generation, 49140 MiB, 25165 MiB, 75 %, 248.30 W
2026/09/10 01:20:15.930, GPU-c9db04c6-026b-f6d2-e711-de40c5b3e9cd, NVIDIA RTX 6000 Ada Generation, 49140 MiB, 25165 MiB, 51 %, 244.36 W
2026/09/10 01:20:16.506, GPU-c9db04c6-026b-f6d2-e711-de40c5b3e9cd, NVIDIA RTX 6000 Ada Generation, 49140 MiB, 25165 MiB, 51 %, 237.91 W
2026/09/10 01:20:17.007, GPU-c9db04c6-026b-f6d2-e711-de40c5b3e9cd, NVIDIA RTX 6000 Ada Generation, 49140 MiB, 25165 MiB, 66 %, 235.80 W
2026/09/10 01:20:17.507, GPU-c9db04c6-026b-f6d2-e711-de40c5b3e9cd, NVIDIA RTX 6000 Ada Generation, 49140 MiB, 25165 MiB, 66 %, 237.45 W
2026/09/10 01:20:18.008, GPU-c9db04c6-026b-f6d2-e711-de40c5b3e9cd, NVIDIA RTX 6000 Ada Generation, 49140 MiB, 25165 MiB, 92 %, 251.02 W
2026/09/10 01:20:18.508, GPU-c9db04c6-026b-f6d2-e711-de40c5b3e9cd, NVIDIA RTX 6000 Ada Generation, 49140 MiB, 25165 MiB, 92 %, 212.35 W
2026/09/10 01:20:19.009, GPU-c9db04c6-026b-f6d2-e711-de40c5b3e9cd, NVIDIA RTX 6000 Ada Generation, 49140 MiB, 25165 MiB, 0 %, 157.05 W
2026/09/10 01:20:19.509, GPU-c9db04c6-026b-f6d2-e711-de40c5b3e9cd, NVIDIA RTX 6000 Ada Generation, 49140 MiB, 25165 MiB, 0 %, 137.85 W
2026/09/10 01:20:20.009, GPU-c9db04c6-026b-f6d2-e711-de40c5b3e9cd, NVIDIA RTX 6000 Ada Generation, 49140 MiB, 25165 MiB, 55 %, 201.85 W
2026/09/10 01:20:20.512, GPU-c9db04c6-026b-f6d2-e711-de40c5b3e9cd, NVIDIA RTX 6000 Ada Generation, 49140 MiB, 25165 MiB, 41 %, 212.97 W
2026/09/10 01:20:21.112, GPU-c9db04c6-026b-f6d2-e711-de40c5b3e9cd, NVIDIA RTX 6000 Ada Generation, 49140 MiB, 25165 MiB, 41 %, 245.88 W
2026/09/10 01:20:21.613, GPU-c9db04c6-026b-f6d2-e711-de40c5b3e9cd, NVIDIA RTX 6000 Ada Generation, 49140 MiB, 25165 MiB, 65 %, 243.96 W
2026/09/10 01:20:22.113, GPU-c9db04c6-026b-f6d2-e711-de40c5b3e9cd, NVIDIA RTX 6000 Ada Generation, 49140 MiB, 25165 MiB, 65 %, 248.97 W
2026/09/10 01:20:22.614, GPU-c9db04c6-026b-f6d2-e711-de40c5b3e9cd, NVIDIA RTX 6000 Ada Generation, 49140 MiB, 25165 MiB, 66 %, 239.69 W
2026/09/10 01:20:23.116, GPU-c9db04c6-026b-f6d2-e711-de40c5b3e9cd, NVIDIA RTX 6000 Ada Generation, 49140 MiB, 25165 MiB, 66 %, 234.64 W
2026/09/10 01:20:23.616, GPU-c9db04c6-026b-f6d2-e711-de40c5b3e9cd, NVIDIA RTX 6000 Ada Generation, 49140 MiB, 25165 MiB, 93 %, 243.58 W
2026/09/10 01:20:24.117, GPU-c9db04c6-026b-f6d2-e711-de40c5b3e9cd, NVIDIA RTX 6000 Ada Generation, 49140 MiB, 25165 MiB, 93 %, 244.81 W
2026/09/10 01:20:24.618, GPU-c9db04c6-026b-f6d2-e711-de40c5b3e9cd, NVIDIA RTX 6000 Ada Generation, 49140 MiB, 25165 MiB, 94 %, 241.57 W
2026/09/10 01:20:25.120, GPU-c9db04c6-026b-f6d2-e711-de40c5b3e9cd, NVIDIA RTX 6000 Ada Generation, 49140 MiB, 25165 MiB, 94 %, 244.83 W
2026/09/10 01:20:25.621, GPU-c9db04c6-026b-f6d2-e711-de40c5b3e9cd, NVIDIA RTX 6000 Ada Generation, 49140 MiB, 25165 MiB, 23 %, 250.23 W
2026/09/10 01:20:26.121, GPU-c9db04c6-026b-f6d2-e711-de40c5b3e9cd, NVIDIA RTX 6000 Ada Generation, 49140 MiB, 25165 MiB, 23 %, 244.57 W
2026/09/10 01:20:26.622, GPU-c9db04c6-026b-f6d2-e711-de40c5b3e9cd, NVIDIA RTX 6000 Ada Generation, 49140 MiB, 25165 MiB, 51 %, 248.05 W
2026/09/10 01:20:27.122, GPU-c9db04c6-026b-f6d2-e711-de40c5b3e9cd, NVIDIA RTX 6000 Ada Generation, 49140 MiB, 25165 MiB, 51 %, 244.91 W
2026/09/10 01:20:27.622, GPU-c9db04c6-026b-f6d2-e711-de40c5b3e9cd, NVIDIA RTX 6000 Ada Generation, 49140 MiB, 25165 MiB, 68 %, 241.24 W
2026/09/10 01:20:28.123, GPU-c9db04c6-026b-f6d2-e711-de40c5b3e9cd, NVIDIA RTX 6000 Ada Generation, 49140 MiB, 25165 MiB, 68 %, 249.13 W
2026/09/10 01:20:28.623, GPU-c9db04c6-026b-f6d2-e711-de40c5b3e9cd, NVIDIA RTX 6000 Ada Generation, 49140 MiB, 25165 MiB, 77 %, 245.77 W
2026/09/10 01:20:29.124, GPU-c9db04c6-026b-f6d2-e711-de40c5b3e9cd, NVIDIA RTX 6000 Ada Generation, 49140 MiB, 25165 MiB, 77 %, 242.34 W
2026/09/10 01:20:29.624, GPU-c9db04c6-026b-f6d2-e711-de40c5b3e9cd, NVIDIA RTX 6000 Ada Generation, 49140 MiB, 25165 MiB, 94 %, 246.34 W
2026/09/10 01:20:30.212, GPU-c9db04c6-026b-f6d2-e711-de40c5b3e9cd, NVIDIA RTX 6000 Ada Generation, 49140 MiB, 25165 MiB, 94 %, 248.60 W
2026/09/10 01:20:30.713, GPU-c9db04c6-026b-f6d2-e711-de40c5b3e9cd, NVIDIA RTX 6000 Ada Generation, 49140 MiB, 25165 MiB, 63 %, 246.10 W
2026/09/10 01:20:31.213, GPU-c9db04c6-026b-f6d2-e711-de40c5b3e9cd, NVIDIA RTX 6000 Ada Generation, 49140 MiB, 25165 MiB, 63 %, 248.78 W
2026/09/10 01:20:31.716, GPU-c9db04c6-026b-f6d2-e711-de40c5b3e9cd, NVIDIA RTX 6000 Ada Generation, 49140 MiB, 25165 MiB, 63 %, 237.23 W
2026/09/10 01:20:32.217, GPU-c9db04c6-026b-f6d2-e711-de40c5b3e9cd, NVIDIA RTX 6000 Ada Generation, 49140 MiB, 25165 MiB, 63 %, 235.42 W
2026/09/10 01:20:32.717, GPU-c9db04c6-026b-f6d2-e711-de40c5b3e9cd, NVIDIA RTX 6000 Ada Generation, 49140 MiB, 25165 MiB, 67 %, 248.80 W
2026/09/10 01:20:33.217, GPU-c9db04c6-026b-f6d2-e711-de40c5b3e9cd, NVIDIA RTX 6000 Ada Generation, 49140 MiB, 25165 MiB, 67 %, 250.49 W
2026/09/10 01:20:33.718, GPU-c9db04c6-026b-f6d2-e711-de40c5b3e9cd, NVIDIA RTX 6000 Ada Generation, 49140 MiB, 25165 MiB, 51 %, 236.64 W
2026/09/10 01:20:34.218, GPU-c9db04c6-026b-f6d2-e711-de40c5b3e9cd, NVIDIA RTX 6000 Ada Generation, 49140 MiB, 25165 MiB, 51 %, 236.32 W
2026/09/10 01:20:34.719, GPU-c9db04c6-026b-f6d2-e711-de40c5b3e9cd, NVIDIA RTX 6000 Ada Generation, 49140 MiB, 25165 MiB, 23 %, 245.55 W
2026/09/10 01:20:35.219, GPU-c9db04c6-026b-f6d2-e711-de40c5b3e9cd, NVIDIA RTX 6000 Ada Generation, 49140 MiB, 25165 MiB, 23 %, 230.81 W
2026/09/10 01:20:35.719, GPU-c9db04c6-026b-f6d2-e711-de40c5b3e9cd, NVIDIA RTX 6000 Ada Generation, 49140 MiB, 25165 MiB, 0 %, 165.24 W
2026/09/10 01:20:36.220, GPU-c9db04c6-026b-f6d2-e711-de40c5b3e9cd, NVIDIA RTX 6000 Ada Generation, 49140 MiB, 25165 MiB, 0 %, 138.63 W
2026/09/10 01:20:36.720, GPU-c9db04c6-026b-f6d2-e711-de40c5b3e9cd, NVIDIA RTX 6000 Ada Generation, 49140 MiB, 25165 MiB, 77 %, 203.10 W
2026/09/10 01:20:37.220, GPU-c9db04c6-026b-f6d2-e711-de40c5b3e9cd, NVIDIA RTX 6000 Ada Generation, 49140 MiB, 25165 MiB, 77 %, 239.41 W
2026/09/10 01:20:37.721, GPU-c9db04c6-026b-f6d2-e711-de40c5b3e9cd, NVIDIA RTX 6000 Ada Generation, 49140 MiB, 25165 MiB, 92 %, 237.18 W
2026/09/10 01:20:38.222, GPU-c9db04c6-026b-f6d2-e711-de40c5b3e9cd, NVIDIA RTX 6000 Ada Generation, 49140 MiB, 25165 MiB, 92 %, 246.47 W
2026/09/10 01:20:38.723, GPU-c9db04c6-026b-f6d2-e711-de40c5b3e9cd, NVIDIA RTX 6000 Ada Generation, 49140 MiB, 25165 MiB, 54 %, 245.00 W
2026/09/10 01:20:39.225, GPU-c9db04c6-026b-f6d2-e711-de40c5b3e9cd, NVIDIA RTX 6000 Ada Generation, 49140 MiB, 25165 MiB, 54 %, 237.19 W
2026/09/10 01:20:39.725, GPU-c9db04c6-026b-f6d2-e711-de40c5b3e9cd, NVIDIA RTX 6000 Ada Generation, 49140 MiB, 25165 MiB, 67 %, 238.09 W
2026/09/10 01:20:40.225, GPU-c9db04c6-026b-f6d2-e711-de40c5b3e9cd, NVIDIA RTX 6000 Ada Generation, 49140 MiB, 25165 MiB, 67 %, 246.30 W
2026/09/10 01:20:40.807, GPU-c9db04c6-026b-f6d2-e711-de40c5b3e9cd, NVIDIA RTX 6000 Ada Generation, 49140 MiB, 25165 MiB, 94 %, 247.92 W
2026/09/10 01:20:41.310, GPU-c9db04c6-026b-f6d2-e711-de40c5b3e9cd, NVIDIA RTX 6000 Ada Generation, 49140 MiB, 25165 MiB, 94 %, 248.47 W
2026/09/10 01:20:41.810, GPU-c9db04c6-026b-f6d2-e711-de40c5b3e9cd, NVIDIA RTX 6000 Ada Generation, 49140 MiB, 25165 MiB, 79 %, 245.52 W
2026/09/10 01:20:42.311, GPU-c9db04c6-026b-f6d2-e711-de40c5b3e9cd, NVIDIA RTX 6000 Ada Generation, 49140 MiB, 25165 MiB, 79 %, 243.30 W
2026/09/10 01:20:42.811, GPU-c9db04c6-026b-f6d2-e711-de40c5b3e9cd, NVIDIA RTX 6000 Ada Generation, 49140 MiB, 25165 MiB, 69 %, 252.20 W
2026/09/10 01:20:43.313, GPU-c9db04c6-026b-f6d2-e711-de40c5b3e9cd, NVIDIA RTX 6000 Ada Generation, 49140 MiB, 25165 MiB, 69 %, 248.32 W
2026/09/10 01:20:43.813, GPU-c9db04c6-026b-f6d2-e711-de40c5b3e9cd, NVIDIA RTX 6000 Ada Generation, 49140 MiB, 25165 MiB, 60 %, 236.81 W
2026/09/10 01:20:44.313, GPU-c9db04c6-026b-f6d2-e711-de40c5b3e9cd, NVIDIA RTX 6000 Ada Generation, 49140 MiB, 25165 MiB, 60 %, 244.05 W
2026/09/10 01:20:44.815, GPU-c9db04c6-026b-f6d2-e711-de40c5b3e9cd, NVIDIA RTX 6000 Ada Generation, 49140 MiB, 25165 MiB, 2 %, 247.85 W
2026/09/10 01:20:45.315, GPU-c9db04c6-026b-f6d2-e711-de40c5b3e9cd, NVIDIA RTX 6000 Ada Generation, 49140 MiB, 25165 MiB, 2 %, 249.62 W
2026/09/10 01:20:45.818, GPU-c9db04c6-026b-f6d2-e711-de40c5b3e9cd, NVIDIA RTX 6000 Ada Generation, 49140 MiB, 25165 MiB, 59 %, 247.47 W
2026/09/10 01:20:46.319, GPU-c9db04c6-026b-f6d2-e711-de40c5b3e9cd, NVIDIA RTX 6000 Ada Generation, 49140 MiB, 25165 MiB, 59 %, 234.58 W
2026/09/10 01:20:46.823, GPU-c9db04c6-026b-f6d2-e711-de40c5b3e9cd, NVIDIA RTX 6000 Ada Generation, 49140 MiB, 25165 MiB, 76 %, 236.85 W
2026/09/10 01:20:47.324, GPU-c9db04c6-026b-f6d2-e711-de40c5b3e9cd, NVIDIA RTX 6000 Ada Generation, 49140 MiB, 25165 MiB, 76 %, 251.67 W
2026/09/10 01:20:47.824, GPU-c9db04c6-026b-f6d2-e711-de40c5b3e9cd, NVIDIA RTX 6000 Ada Generation, 49140 MiB, 25165 MiB, 77 %, 253.92 W
2026/09/10 01:20:48.324, GPU-c9db04c6-026b-f6d2-e711-de40c5b3e9cd, NVIDIA RTX 6000 Ada Generation, 49140 MiB, 25165 MiB, 77 %, 243.56 W
2026/09/10 01:20:48.824, GPU-c9db04c6-026b-f6d2-e711-de40c5b3e9cd, NVIDIA RTX 6000 Ada Generation, 49140 MiB, 25165 MiB, 94 %, 246.48 W
2026/09/10 01:20:49.326, GPU-c9db04c6-026b-f6d2-e711-de40c5b3e9cd, NVIDIA RTX 6000 Ada Generation, 49140 MiB, 25165 MiB, 94 %, 250.01 W
2026/09/10 01:20:49.827, GPU-c9db04c6-026b-f6d2-e711-de40c5b3e9cd, NVIDIA RTX 6000 Ada Generation, 49140 MiB, 25165 MiB, 70 %, 248.65 W
2026/09/10 01:20:50.327, GPU-c9db04c6-026b-f6d2-e711-de40c5b3e9cd, NVIDIA RTX 6000 Ada Generation, 49140 MiB, 25165 MiB, 70 %, 248.38 W
2026/09/10 01:20:50.827, GPU-c9db04c6-026b-f6d2-e711-de40c5b3e9cd, NVIDIA RTX 6000 Ada Generation, 49140 MiB, 25165 MiB, 60 %, 240.43 W
2026/09/10 01:20:51.328, GPU-c9db04c6-026b-f6d2-e711-de40c5b3e9cd, NVIDIA RTX 6000 Ada Generation, 49140 MiB, 25165 MiB, 60 %, 240.04 W
2026/09/10 01:20:51.828, GPU-c9db04c6-026b-f6d2-e711-de40c5b3e9cd, NVIDIA RTX 6000 Ada Generation, 49140 MiB, 25165 MiB, 93 %, 250.10 W
2026/09/10 01:20:52.329, GPU-c9db04c6-026b-f6d2-e711-de40c5b3e9cd, NVIDIA RTX 6000 Ada Generation, 49140 MiB, 25165 MiB, 93 %, 248.07 W
2026/09/10 01:20:52.829, GPU-c9db04c6-026b-f6d2-e711-de40c5b3e9cd, NVIDIA RTX 6000 Ada Generation, 49140 MiB, 25165 MiB, 94 %, 243.60 W
2026/09/10 01:20:53.329, GPU-c9db04c6-026b-f6d2-e711-de40c5b3e9cd, NVIDIA RTX 6000 Ada Generation, 49140 MiB, 25165 MiB, 94 %, 246.75 W
2026/09/10 01:20:53.830, GPU-c9db04c6-026b-f6d2-e711-de40c5b3e9cd, NVIDIA RTX 6000 Ada Generation, 49140 MiB, 25165 MiB, 65 %, 255.49 W
2026/09/10 01:20:54.330, GPU-c9db04c6-026b-f6d2-e711-de40c5b3e9cd, NVIDIA RTX 6000 Ada Generation, 49140 MiB, 25165 MiB, 65 %, 252.56 W
2026/09/10 01:20:54.831, GPU-c9db04c6-026b-f6d2-e711-de40c5b3e9cd, NVIDIA RTX 6000 Ada Generation, 49140 MiB, 25165 MiB, 0 %, 248.05 W
2026/09/10 01:20:55.331, GPU-c9db04c6-026b-f6d2-e711-de40c5b3e9cd, NVIDIA RTX 6000 Ada Generation, 49140 MiB, 25165 MiB, 0 %, 239.70 W
2026/09/10 01:20:55.831, GPU-c9db04c6-026b-f6d2-e711-de40c5b3e9cd, NVIDIA RTX 6000 Ada Generation, 49140 MiB, 25165 MiB, 91 %, 243.80 W
2026/09/10 01:20:56.335, GPU-c9db04c6-026b-f6d2-e711-de40c5b3e9cd, NVIDIA RTX 6000 Ada Generation, 49140 MiB, 25165 MiB, 91 %, 255.31 W
2026/09/10 01:20:56.835, GPU-c9db04c6-026b-f6d2-e711-de40c5b3e9cd, NVIDIA RTX 6000 Ada Generation, 49140 MiB, 25165 MiB, 70 %, 253.33 W
2026/09/10 01:20:57.336, GPU-c9db04c6-026b-f6d2-e711-de40c5b3e9cd, NVIDIA RTX 6000 Ada Generation, 49140 MiB, 25165 MiB, 70 %, 245.99 W
2026/09/10 01:20:57.836, GPU-c9db04c6-026b-f6d2-e711-de40c5b3e9cd, NVIDIA RTX 6000 Ada Generation, 49140 MiB, 25165 MiB, 70 %, 247.74 W
2026/09/10 01:20:58.337, GPU-c9db04c6-026b-f6d2-e711-de40c5b3e9cd, NVIDIA RTX 6000 Ada Generation, 49140 MiB, 25165 MiB, 70 %, 250.78 W
2026/09/10 01:20:58.838, GPU-c9db04c6-026b-f6d2-e711-de40c5b3e9cd, NVIDIA RTX 6000 Ada Generation, 49140 MiB, 25165 MiB, 41 %, 248.35 W
2026/09/10 01:20:59.338, GPU-c9db04c6-026b-f6d2-e711-de40c5b3e9cd, NVIDIA RTX 6000 Ada Generation, 49140 MiB, 25165 MiB, 41 %, 242.53 W
2026/09/10 01:20:59.838, GPU-c9db04c6-026b-f6d2-e711-de40c5b3e9cd, NVIDIA RTX 6000 Ada Generation, 49140 MiB, 25165 MiB, 66 %, 239.33 W
2026/09/10 01:21:00.339, GPU-c9db04c6-026b-f6d2-e711-de40c5b3e9cd, NVIDIA RTX 6000 Ada Generation, 49140 MiB, 25165 MiB, 66 %, 248.76 W
2026/09/10 01:21:00.842, GPU-c9db04c6-026b-f6d2-e711-de40c5b3e9cd, NVIDIA RTX 6000 Ada Generation, 49140 MiB, 25165 MiB, 82 %, 254.56 W
2026/09/10 01:21:01.343, GPU-c9db04c6-026b-f6d2-e711-de40c5b3e9cd, NVIDIA RTX 6000 Ada Generation, 49140 MiB, 25165 MiB, 82 %, 251.77 W
2026/09/10 01:21:01.843, GPU-c9db04c6-026b-f6d2-e711-de40c5b3e9cd, NVIDIA RTX 6000 Ada Generation, 49140 MiB, 25165 MiB, 66 %, 242.56 W
2026/09/10 01:21:02.343, GPU-c9db04c6-026b-f6d2-e711-de40c5b3e9cd, NVIDIA RTX 6000 Ada Generation, 49140 MiB, 25165 MiB, 66 %, 242.59 W
2026/09/10 01:21:02.843, GPU-c9db04c6-026b-f6d2-e711-de40c5b3e9cd, NVIDIA RTX 6000 Ada Generation, 49140 MiB, 25165 MiB, 65 %, 251.31 W
2026/09/10 01:21:03.344, GPU-c9db04c6-026b-f6d2-e711-de40c5b3e9cd, NVIDIA RTX 6000 Ada Generation, 49140 MiB, 25165 MiB, 65 %, 244.50 W
2026/09/10 01:21:03.845, GPU-c9db04c6-026b-f6d2-e711-de40c5b3e9cd, NVIDIA RTX 6000 Ada Generation, 49140 MiB, 25165 MiB, 19 %, 230.80 W
2026/09/10 01:21:04.345, GPU-c9db04c6-026b-f6d2-e711-de40c5b3e9cd, NVIDIA RTX 6000 Ada Generation, 49140 MiB, 25165 MiB, 19 %, 233.59 W
2026/09/10 01:21:04.848, GPU-c9db04c6-026b-f6d2-e711-de40c5b3e9cd, NVIDIA RTX 6000 Ada Generation, 49140 MiB, 25165 MiB, 31 %, 248.12 W
2026/09/10 01:21:05.348, GPU-c9db04c6-026b-f6d2-e711-de40c5b3e9cd, NVIDIA RTX 6000 Ada Generation, 49140 MiB, 25165 MiB, 31 %, 257.17 W
2026/09/10 01:21:05.851, GPU-c9db04c6-026b-f6d2-e711-de40c5b3e9cd, NVIDIA RTX 6000 Ada Generation, 49140 MiB, 25165 MiB, 93 %, 252.95 W
2026/09/10 01:21:06.351, GPU-c9db04c6-026b-f6d2-e711-de40c5b3e9cd, NVIDIA RTX 6000 Ada Generation, 49140 MiB, 25165 MiB, 93 %, 241.49 W
2026/09/10 01:21:06.852, GPU-c9db04c6-026b-f6d2-e711-de40c5b3e9cd, NVIDIA RTX 6000 Ada Generation, 49140 MiB, 25165 MiB, 93 %, 243.49 W
2026/09/10 01:21:07.352, GPU-c9db04c6-026b-f6d2-e711-de40c5b3e9cd, NVIDIA RTX 6000 Ada Generation, 49140 MiB, 25165 MiB, 93 %, 252.77 W
2026/09/10 01:21:07.852, GPU-c9db04c6-026b-f6d2-e711-de40c5b3e9cd, NVIDIA RTX 6000 Ada Generation, 49140 MiB, 25165 MiB, 33 %, 250.51 W
2026/09/10 01:21:08.353, GPU-c9db04c6-026b-f6d2-e711-de40c5b3e9cd, NVIDIA RTX 6000 Ada Generation, 49140 MiB, 25165 MiB, 33 %, 248.70 W
2026/09/10 01:21:08.853, GPU-c9db04c6-026b-f6d2-e711-de40c5b3e9cd, NVIDIA RTX 6000 Ada Generation, 49140 MiB, 25165 MiB, 93 %, 249.72 W
2026/09/10 01:21:09.353, GPU-c9db04c6-026b-f6d2-e711-de40c5b3e9cd, NVIDIA RTX 6000 Ada Generation, 49140 MiB, 25165 MiB, 93 %, 250.05 W
2026/09/10 01:21:09.854, GPU-c9db04c6-026b-f6d2-e711-de40c5b3e9cd, NVIDIA RTX 6000 Ada Generation, 49140 MiB, 25165 MiB, 68 %, 250.63 W
2026/09/10 01:21:10.354, GPU-c9db04c6-026b-f6d2-e711-de40c5b3e9cd, NVIDIA RTX 6000 Ada Generation, 49140 MiB, 25165 MiB, 68 %, 250.18 W
2026/09/10 01:21:10.855, GPU-c9db04c6-026b-f6d2-e711-de40c5b3e9cd, NVIDIA RTX 6000 Ada Generation, 49140 MiB, 25165 MiB, 53 %, 243.10 W
2026/09/10 01:21:11.355, GPU-c9db04c6-026b-f6d2-e711-de40c5b3e9cd, NVIDIA RTX 6000 Ada Generation, 49140 MiB, 25165 MiB, 53 %, 244.33 W
2026/09/10 01:21:11.855, GPU-c9db04c6-026b-f6d2-e711-de40c5b3e9cd, NVIDIA RTX 6000 Ada Generation, 49140 MiB, 25165 MiB, 81 %, 244.43 W
2026/09/10 01:21:12.356, GPU-c9db04c6-026b-f6d2-e711-de40c5b3e9cd, NVIDIA RTX 6000 Ada Generation, 49140 MiB, 25165 MiB, 81 %, 241.96 W
2026/09/10 01:21:12.856, GPU-c9db04c6-026b-f6d2-e711-de40c5b3e9cd, NVIDIA RTX 6000 Ada Generation, 49140 MiB, 25165 MiB, 87 %, 249.06 W
2026/09/10 01:21:13.357, GPU-c9db04c6-026b-f6d2-e711-de40c5b3e9cd, NVIDIA RTX 6000 Ada Generation, 49140 MiB, 25165 MiB, 87 %, 248.62 W
2026/09/10 01:21:13.857, GPU-c9db04c6-026b-f6d2-e711-de40c5b3e9cd, NVIDIA RTX 6000 Ada Generation, 49140 MiB, 25165 MiB, 44 %, 251.00 W
2026/09/10 01:21:14.357, GPU-c9db04c6-026b-f6d2-e711-de40c5b3e9cd, NVIDIA RTX 6000 Ada Generation, 49140 MiB, 25165 MiB, 44 %, 251.60 W
2026/09/10 01:21:14.857, GPU-c9db04c6-026b-f6d2-e711-de40c5b3e9cd, NVIDIA RTX 6000 Ada Generation, 49140 MiB, 25165 MiB, 26 %, 250.68 W
2026/09/10 01:21:15.358, GPU-c9db04c6-026b-f6d2-e711-de40c5b3e9cd, NVIDIA RTX 6000 Ada Generation, 49140 MiB, 25165 MiB, 26 %, 242.42 W
2026/09/10 01:21:15.859, GPU-c9db04c6-026b-f6d2-e711-de40c5b3e9cd, NVIDIA RTX 6000 Ada Generation, 49140 MiB, 25165 MiB, 66 %, 242.81 W
2026/09/10 01:21:16.359, GPU-c9db04c6-026b-f6d2-e711-de40c5b3e9cd, NVIDIA RTX 6000 Ada Generation, 49140 MiB, 25165 MiB, 66 %, 248.47 W
2026/09/10 01:21:16.860, GPU-c9db04c6-026b-f6d2-e711-de40c5b3e9cd, NVIDIA RTX 6000 Ada Generation, 49140 MiB, 25165 MiB, 93 %, 246.58 W
2026/09/10 01:21:17.360, GPU-c9db04c6-026b-f6d2-e711-de40c5b3e9cd, NVIDIA RTX 6000 Ada Generation, 49140 MiB, 25165 MiB, 93 %, 243.63 W
2026/09/10 01:21:17.860, GPU-c9db04c6-026b-f6d2-e711-de40c5b3e9cd, NVIDIA RTX 6000 Ada Generation, 49140 MiB, 25165 MiB, 85 %, 247.08 W
2026/09/10 01:21:18.361, GPU-c9db04c6-026b-f6d2-e711-de40c5b3e9cd, NVIDIA RTX 6000 Ada Generation, 49140 MiB, 25165 MiB, 85 %, 247.34 W
2026/09/10 01:21:18.862, GPU-c9db04c6-026b-f6d2-e711-de40c5b3e9cd, NVIDIA RTX 6000 Ada Generation, 49140 MiB, 25165 MiB, 60 %, 255.74 W
2026/09/10 01:21:19.362, GPU-c9db04c6-026b-f6d2-e711-de40c5b3e9cd, NVIDIA RTX 6000 Ada Generation, 49140 MiB, 25165 MiB, 60 %, 251.68 W
2026/09/10 01:21:19.862, GPU-c9db04c6-026b-f6d2-e711-de40c5b3e9cd, NVIDIA RTX 6000 Ada Generation, 49140 MiB, 25165 MiB, 52 %, 237.39 W
2026/09/10 01:21:20.363, GPU-c9db04c6-026b-f6d2-e711-de40c5b3e9cd, NVIDIA RTX 6000 Ada Generation, 49140 MiB, 25165 MiB, 52 %, 240.62 W
2026/09/10 01:21:20.865, GPU-c9db04c6-026b-f6d2-e711-de40c5b3e9cd, NVIDIA RTX 6000 Ada Generation, 49140 MiB, 25165 MiB, 54 %, 249.85 W
2026/09/10 01:21:21.365, GPU-c9db04c6-026b-f6d2-e711-de40c5b3e9cd, NVIDIA RTX 6000 Ada Generation, 49140 MiB, 25165 MiB, 54 %, 251.27 W
2026/09/10 01:21:21.865, GPU-c9db04c6-026b-f6d2-e711-de40c5b3e9cd, NVIDIA RTX 6000 Ada Generation, 49140 MiB, 25165 MiB, 69 %, 245.12 W
2026/09/10 01:21:22.365, GPU-c9db04c6-026b-f6d2-e711-de40c5b3e9cd, NVIDIA RTX 6000 Ada Generation, 49140 MiB, 25165 MiB, 69 %, 244.52 W
2026/09/10 01:21:22.867, GPU-c9db04c6-026b-f6d2-e711-de40c5b3e9cd, NVIDIA RTX 6000 Ada Generation, 49140 MiB, 25165 MiB, 90 %, 253.92 W
2026/09/10 01:21:23.368, GPU-c9db04c6-026b-f6d2-e711-de40c5b3e9cd, NVIDIA RTX 6000 Ada Generation, 49140 MiB, 25165 MiB, 90 %, 253.55 W
2026/09/10 01:21:23.868, GPU-c9db04c6-026b-f6d2-e711-de40c5b3e9cd, NVIDIA RTX 6000 Ada Generation, 49140 MiB, 25165 MiB, 0 %, 245.23 W
2026/09/10 01:21:24.368, GPU-c9db04c6-026b-f6d2-e711-de40c5b3e9cd, NVIDIA RTX 6000 Ada Generation, 49140 MiB, 25165 MiB, 0 %, 243.75 W
2026/09/10 01:21:24.868, GPU-c9db04c6-026b-f6d2-e711-de40c5b3e9cd, NVIDIA RTX 6000 Ada Generation, 49140 MiB, 25165 MiB, 78 %, 249.92 W
2026/09/10 01:21:25.369, GPU-c9db04c6-026b-f6d2-e711-de40c5b3e9cd, NVIDIA RTX 6000 Ada Generation, 49140 MiB, 25165 MiB, 78 %, 254.33 W
2026/09/10 01:21:25.873, GPU-c9db04c6-026b-f6d2-e711-de40c5b3e9cd, NVIDIA RTX 6000 Ada Generation, 49140 MiB, 25165 MiB, 65 %, 251.46 W
2026/09/10 01:21:26.373, GPU-c9db04c6-026b-f6d2-e711-de40c5b3e9cd, NVIDIA RTX 6000 Ada Generation, 49140 MiB, 25165 MiB, 65 %, 243.46 W
2026/09/10 01:21:26.876, GPU-c9db04c6-026b-f6d2-e711-de40c5b3e9cd, NVIDIA RTX 6000 Ada Generation, 49140 MiB, 25165 MiB, 70 %, 243.10 W
2026/09/10 01:21:27.376, GPU-c9db04c6-026b-f6d2-e711-de40c5b3e9cd, NVIDIA RTX 6000 Ada Generation, 49140 MiB, 25165 MiB, 70 %, 249.68 W
2026/09/10 01:21:27.876, GPU-c9db04c6-026b-f6d2-e711-de40c5b3e9cd, NVIDIA RTX 6000 Ada Generation, 49140 MiB, 25165 MiB, 69 %, 249.35 W
2026/09/10 01:21:28.377, GPU-c9db04c6-026b-f6d2-e711-de40c5b3e9cd, NVIDIA RTX 6000 Ada Generation, 49140 MiB, 25165 MiB, 69 %, 238.74 W
2026/09/10 01:21:28.877, GPU-c9db04c6-026b-f6d2-e711-de40c5b3e9cd, NVIDIA RTX 6000 Ada Generation, 49140 MiB, 25165 MiB, 73 %, 241.00 W
2026/09/10 01:21:29.377, GPU-c9db04c6-026b-f6d2-e711-de40c5b3e9cd, NVIDIA RTX 6000 Ada Generation, 49140 MiB, 25165 MiB, 73 %, 249.74 W
2026/09/10 01:21:29.878, GPU-c9db04c6-026b-f6d2-e711-de40c5b3e9cd, NVIDIA RTX 6000 Ada Generation, 49140 MiB, 25165 MiB, 44 %, 244.21 W
2026/09/10 01:21:30.378, GPU-c9db04c6-026b-f6d2-e711-de40c5b3e9cd, NVIDIA RTX 6000 Ada Generation, 49140 MiB, 25165 MiB, 44 %, 244.14 W
2026/09/10 01:21:30.880, GPU-c9db04c6-026b-f6d2-e711-de40c5b3e9cd, NVIDIA RTX 6000 Ada Generation, 49140 MiB, 25165 MiB, 63 %, 245.53 W
2026/09/10 01:21:31.380, GPU-c9db04c6-026b-f6d2-e711-de40c5b3e9cd, NVIDIA RTX 6000 Ada Generation, 49140 MiB, 25165 MiB, 63 %, 244.66 W
2026/09/10 01:21:31.880, GPU-c9db04c6-026b-f6d2-e711-de40c5b3e9cd, NVIDIA RTX 6000 Ada Generation, 49140 MiB, 25165 MiB, 94 %, 248.46 W
2026/09/10 01:21:32.381, GPU-c9db04c6-026b-f6d2-e711-de40c5b3e9cd, NVIDIA RTX 6000 Ada Generation, 49140 MiB, 25165 MiB, 94 %, 244.97 W
2026/09/10 01:21:32.881, GPU-c9db04c6-026b-f6d2-e711-de40c5b3e9cd, NVIDIA RTX 6000 Ada Generation, 49140 MiB, 25165 MiB, 0 %, 247.20 W
2026/09/10 01:21:33.382, GPU-c9db04c6-026b-f6d2-e711-de40c5b3e9cd, NVIDIA RTX 6000 Ada Generation, 49140 MiB, 25165 MiB, 0 %, 249.68 W
2026/09/10 01:21:33.882, GPU-c9db04c6-026b-f6d2-e711-de40c5b3e9cd, NVIDIA RTX 6000 Ada Generation, 49140 MiB, 25165 MiB, 78 %, 248.56 W
2026/09/10 01:21:34.382, GPU-c9db04c6-026b-f6d2-e711-de40c5b3e9cd, NVIDIA RTX 6000 Ada Generation, 49140 MiB, 25165 MiB, 78 %, 242.81 W
2026/09/10 01:21:34.883, GPU-c9db04c6-026b-f6d2-e711-de40c5b3e9cd, NVIDIA RTX 6000 Ada Generation, 49140 MiB, 25165 MiB, 69 %, 248.00 W
2026/09/10 01:21:35.385, GPU-c9db04c6-026b-f6d2-e711-de40c5b3e9cd, NVIDIA RTX 6000 Ada Generation, 49140 MiB, 25165 MiB, 69 %, 248.26 W
2026/09/10 01:21:35.885, GPU-c9db04c6-026b-f6d2-e711-de40c5b3e9cd, NVIDIA RTX 6000 Ada Generation, 49140 MiB, 25165 MiB, 91 %, 251.45 W
2026/09/10 01:21:36.386, GPU-c9db04c6-026b-f6d2-e711-de40c5b3e9cd, NVIDIA RTX 6000 Ada Generation, 49140 MiB, 25165 MiB, 91 %, 249.55 W
2026/09/10 01:21:36.886, GPU-c9db04c6-026b-f6d2-e711-de40c5b3e9cd, NVIDIA RTX 6000 Ada Generation, 49140 MiB, 25165 MiB, 65 %, 249.52 W
2026/09/10 01:21:37.387, GPU-c9db04c6-026b-f6d2-e711-de40c5b3e9cd, NVIDIA RTX 6000 Ada Generation, 49140 MiB, 25165 MiB, 65 %, 245.99 W
2026/09/10 01:21:37.889, GPU-c9db04c6-026b-f6d2-e711-de40c5b3e9cd, NVIDIA RTX 6000 Ada Generation, 49140 MiB, 25165 MiB, 71 %, 245.65 W
2026/09/10 01:21:38.389, GPU-c9db04c6-026b-f6d2-e711-de40c5b3e9cd, NVIDIA RTX 6000 Ada Generation, 49140 MiB, 25165 MiB, 71 %, 250.02 W
2026/09/10 01:21:38.890, GPU-c9db04c6-026b-f6d2-e711-de40c5b3e9cd, NVIDIA RTX 6000 Ada Generation, 49140 MiB, 25165 MiB, 67 %, 247.91 W
2026/09/10 01:21:39.390, GPU-c9db04c6-026b-f6d2-e711-de40c5b3e9cd, NVIDIA RTX 6000 Ada Generation, 49140 MiB, 25165 MiB, 67 %, 248.74 W
2026/09/10 01:21:39.890, GPU-c9db04c6-026b-f6d2-e711-de40c5b3e9cd, NVIDIA RTX 6000 Ada Generation, 49140 MiB, 25165 MiB, 82 %, 250.26 W
2026/09/10 01:21:40.391, GPU-c9db04c6-026b-f6d2-e711-de40c5b3e9cd, NVIDIA RTX 6000 Ada Generation, 49140 MiB, 25165 MiB, 82 %, 251.10 W
2026/09/10 01:21:40.891, GPU-c9db04c6-026b-f6d2-e711-de40c5b3e9cd, NVIDIA RTX 6000 Ada Generation, 49140 MiB, 25165 MiB, 68 %, 252.15 W
2026/09/10 01:21:41.391, GPU-c9db04c6-026b-f6d2-e711-de40c5b3e9cd, NVIDIA RTX 6000 Ada Generation, 49140 MiB, 25165 MiB, 68 %, 246.90 W
2026/09/10 01:21:41.892, GPU-c9db04c6-026b-f6d2-e711-de40c5b3e9cd, NVIDIA RTX 6000 Ada Generation, 49140 MiB, 25165 MiB, 47 %, 242.67 W
2026/09/10 01:21:42.392, GPU-c9db04c6-026b-f6d2-e711-de40c5b3e9cd, NVIDIA RTX 6000 Ada Generation, 49140 MiB, 25165 MiB, 47 %, 245.58 W
2026/09/10 01:21:42.894, GPU-c9db04c6-026b-f6d2-e711-de40c5b3e9cd, NVIDIA RTX 6000 Ada Generation, 49140 MiB, 25165 MiB, 7 %, 250.29 W
2026/09/10 01:21:43.394, GPU-c9db04c6-026b-f6d2-e711-de40c5b3e9cd, NVIDIA RTX 6000 Ada Generation, 49140 MiB, 25165 MiB, 7 %, 248.74 W
2026/09/10 01:21:43.894, GPU-c9db04c6-026b-f6d2-e711-de40c5b3e9cd, NVIDIA RTX 6000 Ada Generation, 49140 MiB, 25165 MiB, 76 %, 243.86 W
2026/09/10 01:21:44.394, GPU-c9db04c6-026b-f6d2-e711-de40c5b3e9cd, NVIDIA RTX 6000 Ada Generation, 49140 MiB, 25165 MiB, 76 %, 249.37 W
2026/09/10 01:21:44.895, GPU-c9db04c6-026b-f6d2-e711-de40c5b3e9cd, NVIDIA RTX 6000 Ada Generation, 49140 MiB, 25165 MiB, 92 %, 247.26 W
2026/09/10 01:21:45.396, GPU-c9db04c6-026b-f6d2-e711-de40c5b3e9cd, NVIDIA RTX 6000 Ada Generation, 49140 MiB, 25165 MiB, 92 %, 250.34 W
2026/09/10 01:21:45.897, GPU-c9db04c6-026b-f6d2-e711-de40c5b3e9cd, NVIDIA RTX 6000 Ada Generation, 49140 MiB, 25165 MiB, 77 %, 245.99 W
2026/09/10 01:21:46.397, GPU-c9db04c6-026b-f6d2-e711-de40c5b3e9cd, NVIDIA RTX 6000 Ada Generation, 49140 MiB, 25165 MiB, 77 %, 237.01 W
2026/09/10 01:21:46.897, GPU-c9db04c6-026b-f6d2-e711-de40c5b3e9cd, NVIDIA RTX 6000 Ada Generation, 49140 MiB, 25165 MiB, 71 %, 244.97 W
2026/09/10 01:21:47.398, GPU-c9db04c6-026b-f6d2-e711-de40c5b3e9cd, NVIDIA RTX 6000 Ada Generation, 49140 MiB, 25165 MiB, 71 %, 248.51 W
2026/09/10 01:21:47.899, GPU-c9db04c6-026b-f6d2-e711-de40c5b3e9cd, NVIDIA RTX 6000 Ada Generation, 49140 MiB, 25165 MiB, 67 %, 248.93 W
2026/09/10 01:21:48.399, GPU-c9db04c6-026b-f6d2-e711-de40c5b3e9cd, NVIDIA RTX 6000 Ada Generation, 49140 MiB, 25165 MiB, 67 %, 241.20 W
2026/09/10 01:21:48.899, GPU-c9db04c6-026b-f6d2-e711-de40c5b3e9cd, NVIDIA RTX 6000 Ada Generation, 49140 MiB, 25165 MiB, 67 %, 240.69 W
2026/09/10 01:21:49.399, GPU-c9db04c6-026b-f6d2-e711-de40c5b3e9cd, NVIDIA RTX 6000 Ada Generation, 49140 MiB, 25165 MiB, 67 %, 246.67 W
2026/09/10 01:21:49.900, GPU-c9db04c6-026b-f6d2-e711-de40c5b3e9cd, NVIDIA RTX 6000 Ada Generation, 49140 MiB, 25165 MiB, 82 %, 250.91 W
2026/09/10 01:21:50.400, GPU-c9db04c6-026b-f6d2-e711-de40c5b3e9cd, NVIDIA RTX 6000 Ada Generation, 49140 MiB, 25165 MiB, 82 %, 249.90 W
2026/09/10 01:21:50.901, GPU-c9db04c6-026b-f6d2-e711-de40c5b3e9cd, NVIDIA RTX 6000 Ada Generation, 49140 MiB, 25165 MiB, 0 %, 244.03 W
2026/09/10 01:21:51.401, GPU-c9db04c6-026b-f6d2-e711-de40c5b3e9cd, NVIDIA RTX 6000 Ada Generation, 49140 MiB, 24628 MiB, 0 %, 183.08 W
